Rk,Player,Nation,Pos,Squad,Comp,Age,Born,MP,CrdY,CrdR,2CrdY,Goals,Shots,SoT,Assists
1,Max Aarons,ENG,DF,Norwich City,Premier League,22,2000,34,0.25,0,0,0,0.41,0.06,0.06
2,Yunis Abdelhamid,MAR,DF,Reims,Ligue 1,34,1987,34,0.15,0.03,0,0.06,0.54,0.18,0
3,Salis Abdul Samed,GHA,MF,Clermont Foot,Ligue 1,22,2000,31,0.44,0.11,0.07,0.04,0.66,0.18,0
4,Laurent Abergel,FRA,MF,Lorient,Ligue 1,29,1993,34,0.27,0,0,0,0.91,0.21,0.06
5,Charles Abi,FRA,FW,Saint-Étienne,Ligue 1,22,2000,1,0,0,0,0,0,0,0
6,Dickson Abiama,NGA,FW,Greuther Fürth,Bundesliga,23,1998,24,0.37,0,0,0,2.22,0.49,0.12
7,Matthis Abline,FRA,FW,Rennes,Ligue 1,19,2003,7,0,0,0,0,1.82,0,0
8,Tammy Abraham,ENG,FW,Roma,Serie A,24,1997,37,0.26,0,0,0.5,2.71,0.93,0.12
9,Luis Abram,PER,DF,Granada,La Liga,26,1996,8,0.32,0,0,0,0.32,0,0
10,Francesco Acerbi,ITA,DF,Lazio,Serie A,34,1988,30,0.07,0.04,0,0.14,0.57,0.25,0
11,Ragnar Ache,GER,MFFW,Eint Frankfurt,Bundesliga,23,1998,13,0,0,0,0,3.79,0.69,0.34
12,Mohamed Achi,FRA,MF,Nantes,Ligue 1,20,2002,1,0,0,0,0,0,0,0
13,Marcos Acuña,ARG,DF,Sevilla,La Liga,30,1991,31,0.4,0,0,0.04,0.68,0.2,0.12
14,Che Adams,SCO,FW,Southampton,Premier League,25,1996,30,0,0,0,0.31,2.16,1.06,0.13
15,Tyler Adams,USA,MF,RB Leipzig,Bundesliga,23,1999,24,0.33,0,0,0,0.13,0,0.07
16,Sargis Adamyan,ARM,FWMF,Hoffenheim,Bundesliga,29,1993,13,0,0,0,0.27,0.81,0.54,0
17,Martin Adeline,FRA,MFFW,Reims,Ligue 1,18,2003,8,0.26,0,0,0,1.03,0.26,0
18,Amine Adli,FRA,FWMF,Leverkusen,Bundesliga,22,2000,25,0.21,0,0,0.21,2.71,1.36,0.14
19,Yacine Adli,FRA,MFFW,Bordeaux,Ligue 1,21,2000,36,0.2,0,0,0.04,1.31,0.6,0.28
20,Michel Aebischer,SUI,MF,Bologna,Serie A,25,1997,12,0.2,0,0,0,0.41,0.41,0
21,Felix Afena-Gyan,GHA,FWMF,Roma,Serie A,19,2003,17,0.68,0.14,0.14,0.27,2.43,0.95,0
22,Martin Agirregabiria,ESP,DF,Alavés,La Liga,26,1996,24,0.22,0,0,0,0.28,0,0.06
23,Julen Agirrezabala,ESP,GK,Athletic Club,La Liga,21,2000,4,0,0,0,0,0,0,0
24,Lucien Agoume,FRA,MF,Brest,Ligue 1,20,2002,27,0.29,0,0,0,0.77,0.05,0
25,Kevin Agudelo,COL,MFFW,Spezia,Serie A,23,1998,23,0.15,0.07,0,0.22,1.61,0.8,0.07
26,Nayef Aguerd,MAR,DF,Rennes,Ligue 1,26,1996,31,0.1,0.03,0,0.07,0.82,0.23,0.07
27,Sergio Agüero,ARG,FW,Barcelona,La Liga,33,1988,4,0,0,0,0.59,3.53,0.59,0
28,Ruben Aguilar,FRA,DF,Monaco,Ligue 1,29,1993,28,0.17,0,0,0,0.42,0.08,0.08
29,Álvaro Aguirre,ESP,FW,Rayo Vallecano,La Liga,22,2000,1,0,0,0,0,0,0,0
30,Naouirou Ahamada,FRA,MF,Stuttgart,Bundesliga,20,2002,3,0,0,0,0,0,0,0
31,Anel Ahmedhodzic,BIH,DF,Bordeaux,Ligue 1,23,1999,15,0.4,0,0,0,0.47,0.27,0.07
32,Jean-Eudes Aholou,CIV,MF,Strasbourg,Ligue 1,28,1994,25,0.18,0,0,0.09,1.52,0.18,0.09
33,Joseph Aidoo,GHA,DF,Celta Vigo,La Liga,26,1995,32,0.03,0,0,0,0.2,0.03,0
34,Ola Aina,NGA,DF,Torino,Serie A,25,1996,21,0.25,0,0,0,0.63,0.25,0
35,Rayan Aït Nouri,FRA,DF,Wolves,Premier League,20,2001,23,0.2,0,0,0.05,0.64,0.2,0.1
36,Kristoffer Ajer,NOR,DF,Brentford,Premier League,24,1998,24,0.23,0,0,0.05,0.32,0.05,0.14
37,Ludovic Ajorque,REU,FW,Strasbourg,Ligue 1,28,1994,36,0.16,0.03,0,0.39,1.94,0.79,0.26
38,Manuel Akanji,SUI,DF,Dortmund,Bundesliga,26,1995,26,0.12,0,0,0.04,0.56,0.12,0
39,Carlos Akapo,EQG,DF,Cádiz,La Liga,29,1993,25,0.2,0,0,0,0.49,0.05,0
40,Marley Aké,FRA,MFFW,Juventus,Serie A,21,2001,4,1.11,0,0,0,0,0,0
41,Nathan Aké,NED,DF,Manchester City,Premier League,27,1995,14,0,0,0,0.19,0.49,0.19,0
42,Ilias Akhomach,ESP,FW,Barcelona,La Liga,18,2004,2,0,0,0,0,2.86,1.43,0
43,Maghnes Akliouche,FRA,MFFW,Monaco,Ligue 1,20,2002,7,1.67,0,0,0,3.33,1.67,0
44,Paul Akouokou,CIV,MF,Betis,La Liga,24,1997,8,0.35,0.18,0,0,0.35,0,0
45,Jean-Daniel Akpa-Akpro,CIV,MF,Lazio,Serie A,29,1992,10,0.29,0,0,0,0.86,0,0
46,Kevin Akpoguma,NGA,DF,Hoffenheim,Bundesliga,27,1995,26,0.29,0,0,0.12,0.71,0.24,0.12
47,David Alaba,AUT,DF,Real Madrid,La Liga,29,1992,30,0.07,0,0,0.07,0.71,0.2,0.1
48,Sofiane Alakouch,MAR,DFMF,Metz,Ligue 1,23,1998,4,0.56,0,0,0,0.56,0,0
49,Tomás Alarcón,CHI,MF,Cádiz,La Liga,23,1999,23,0.32,0,0,0,0.95,0.13,0.06
50,Lucas Alario,ARG,FW,Leverkusen,Bundesliga,29,1992,27,0.27,0,0,0.82,3.15,1.78,0
51,Jordi Alba,ESP,DF,Barcelona,La Liga,33,1989,30,0.37,0,0,0.07,1.05,0.2,0.34
52,Josué Albert,GUF,DF,Clermont Foot,Ligue 1,30,1992,2,0,0,0,0,5,0,0
53,Luis Alberto,ESP,MF,Lazio,Serie A,29,1992,34,0.19,0,0,0.19,1.8,0.61,0.34
54,Raúl Albiol,ESP,DF,Villarreal,La Liga,36,1985,28,0.29,0,0,0,0.22,0.04,0
55,Marc Albrighton,ENG,FWDF,Leicester City,Premier League,32,1989,17,0.24,0,0,0.08,0.32,0.08,0.16
56,Paco Alcácer,ESP,FW,Villarreal,La Liga,28,1993,18,0.11,0,0,0.11,2.18,0.92,0.34
57,Thiago Alcántara,ESP,MF,Liverpool,Premier League,31,1991,25,0.12,0,0,0.06,1.47,0.35,0.24
58,Rubén Alcaraz,ESP,MF,Cádiz,La Liga,31,1991,14,0.57,0,0,0.16,1.87,0.49,0
59,Omar Alderete,PAR,DF,Valencia,La Liga,25,1996,29,0.56,0,0,0.07,0.64,0.19,0
60,Iván Alejo,ESP,MFFW,Cádiz,La Liga,27,1995,20,0.59,0,0,0.17,1.02,0.34,0.17
61,Doðan Alemdar,TUR,GK,Rennes,Ligue 1,19,2002,12,0.08,0,0,0,0,0,0
62,Carles Aleñá,ESP,MF,Getafe,La Liga,24,1998,33,0.23,0.04,0,0.04,1.82,0.54,0.08
63,Trent Alexander-Arnold,ENG,DF,Liverpool,Premier League,23,1998,32,0.06,0,0,0.06,1.61,0.44,0.38
64,Mircea Alexandru Tirlea,ROU,DF,Alavés,La Liga,22,2000,1,0,0,0,0,0,0,0
65,Mohamed Ali Cho,FRA,FW,Angers,Ligue 1,18,2004,32,0.29,0.1,0.1,0.2,2.06,0.74,0.05
66,Alisson,BRA,GK,Liverpool,Premier League,29,1992,36,0,0,0,0,0,0,0.03
67,Allan,BRA,MF,Everton,Premier League,31,1991,28,0.29,0.04,0,0,0.29,0.12,0.08
68,Jim Allevinah,GAB,FW,Clermont Foot,Ligue 1,27,1995,30,0.06,0,0,0.06,2.55,0.91,0.12
69,Dele Alli,ENG,MF,Everton,Premier League,26,1996,11,0.79,0,0,0,0.79,0,0
70,Dele Alli,ENG,MFFW,Tottenham,Premier League,26,1996,10,0.14,0,0,0.14,0.55,0.27,0
71,Miguel Almirón,PAR,MFFW,Newcastle Utd,Premier League,28,1994,30,0.1,0,0,0.05,1.68,0.37,0
72,Marcos Alonso,ESP,DF,Chelsea,Premier League,31,1990,28,0.33,0,0,0.17,1.78,0.41,0.17
73,Giorgio Altare,ITA,DF,Cagliari,Serie A,23,1998,19,0.31,0,0,0.06,1.1,0.37,0
74,Hugo Álvarez,ESP,FW,Celta Vigo,La Liga,36,1985,1,0,0,0,0,10,0,0
75,Yeray Álvarez,ESP,DF,Athletic Club,La Liga,27,1995,22,0.29,0,0,0,0.39,0,0
76,Dani Alves,BRA,DF,Barcelona,La Liga,39,1983,14,0.16,0.08,0,0.08,0.41,0.16,0.25
77,Steven Alzate,COL,MF,Brighton,Premier League,23,1998,9,0,0,0,0,0.22,0.22,0
78,Ibrahim Amadou,FRA,DFMF,Metz,Ligue 1,29,1993,10,0.44,0,0,0.11,0.33,0.22,0
79,Emmanuel Amankwaa Akurugu,GHA,DF,Getafe,La Liga,20,2001,3,0,0,0,0,1.11,0,1.11
80,Daniel Amartey,GHA,DF,Leicester City,Premier League,27,1994,28,0.17,0,0,0,0.08,0.04,0
81,Amath,SEN,FWMF,Mallorca,La Liga,25,1996,19,0.51,0,0,0,1.12,0.41,0.1
82,Jordan Amavi,FRA,DF,Marseille,Ligue 1,28,1994,2,0,0,0,0,0,0,0
83,Jordan Amavi,FRA,DF,Nice,Ligue 1,28,1994,8,0.22,0,0,0,0,0,0
84,Wisdom Amey,ITA,DF,Bologna,Serie A,16,2005,1,0,0,0,0,0,0,0
85,Kelvin Amian,FRA,DF,Spezia,Serie A,24,1998,32,0.31,0.07,0.03,0.03,0.88,0.24,0.03
86,Nadiem Amiri,GER,MFFW,Genoa,Serie A,25,1996,13,0,0,0,0,2.11,0.79,0.13
87,Nadiem Amiri,GER,MFFW,Leverkusen,Bundesliga,25,1996,13,0,0,0,0.24,1.95,0.49,0
88,Ethan Ampadu,WAL,MFDF,Venezia,Serie A,21,2000,29,0.51,0.08,0.04,0,0.28,0.04,0.12
89,Sofyan Amrabat,MAR,MF,Fiorentina,Serie A,25,1996,23,0.57,0,0,0.1,0.38,0.29,0
90,Joachim Andersen,DEN,DF,Crystal Palace,Premier League,25,1996,34,0.12,0,0,0,0.25,0.09,0.09
91,Felipe Anderson,BRA,FW,Lazio,Serie A,29,1993,38,0.06,0,0,0.19,1.37,0.5,0.25
92,Sebastian Andersson,SWE,FW,Köln,Bundesliga,30,1991,26,0.21,0,0,0.21,2.5,0.93,0.07
93,Florin Andone,ROU,FW,Cádiz,La Liga,29,1993,5,0.5,0,0,0,1.5,0.5,0
94,Andrés Andrade Cedeño,PAN,DF,Arminia,Bundesliga,23,1998,17,0.34,0,0,0,0.6,0.26,0
95,Fredrik André Bjørkan,NOR,DF,Hertha BSC,Bundesliga,23,1998,9,0.26,0,0,0,0,0,0
96,Benjamin André,FRA,MF,Lille,Ligue 1,31,1990,33,0.39,0.03,0.03,0.07,0.59,0.16,0.03
97,Robert Andrich,GER,MF,Leverkusen,Bundesliga,27,1994,26,0.25,0.05,0,0.2,1.49,0.35,0.1
98,José Ángel,ESP,DF,Osasuna,La Liga,32,1989,23,0.17,0.08,0,0.08,0.92,0.25,0.08
99,Angeliño,ESP,DF,RB Leipzig,Bundesliga,25,1997,29,0.12,0,0,0.08,0.59,0.27,0.2
100,Ebenezer Annan,GHA,DF,Bologna,Serie A,19,2002,1,0,0,0,0,0,0,0
101,Cristian Ansaldi,ARG,DF,Torino,Serie A,35,1986,19,0.26,0,0,0,0.91,0.13,0.39
102,Janis Antiste,FRA,FW,Spezia,Serie A,19,2002,18,0,0,0,0.11,1.25,0.23,0
103,Waldemar Anton,GER,DF,Stuttgart,Bundesliga,25,1996,29,0.21,0.03,0,0.07,0.8,0.21,0.03
104,Josep Antoni Gayá,ESP,DF,Mallorca,La Liga,21,2000,1,0,0,0,0,0,0,0
105,Michail Antonio,JAM,FW,West Ham,Premier League,32,1990,36,0.24,0.03,0.03,0.3,2.52,0.82,0.24
106,Christopher Antwi-Adjei,GHA,FWMF,Bochum,Bundesliga,28,1994,25,0.16,0,0,0.08,2.3,0.79,0.08
107,Houssem Aouar,FRA,MFFW,Lyon,Ligue 1,23,1998,36,0.04,0,0,0.22,2.77,0.9,0.14
108,Adil Aouchiche,FRA,MFFW,Saint-Étienne,Ligue 1,19,2002,35,0.17,0,0,0,1.83,0.83,0.33
109,Dennis Appiah,FRA,DF,Nantes,Ligue 1,29,1992,32,0.17,0,0,0,0.09,0,0
110,Mauro Arambarri,URU,MF,Getafe,La Liga,26,1995,31,0.44,0,0,0,1.25,0.27,0.17
111,Mattia Aramu,ITA,MFFW,Venezia,Serie A,27,1995,32,0.26,0,0,0.3,2.45,0.69,0.21
112,Charles Aránguiz,CHI,MF,Leverkusen,Bundesliga,33,1989,26,0.11,0,0,0.06,0.63,0.17,0.23
113,Néstor Araujo,MEX,DF,Celta Vigo,La Liga,30,1991,34,0.14,0,0,0,0.27,0.03,0
114,Ronald Araújo,URU,DF,Barcelona,La Liga,23,1999,30,0.24,0,0,0.16,0.75,0.4,0
115,Cameron Archer,ENG,MFFW,Aston Villa,Premier League,20,2001,3,0,0,0,0,3.33,0,0
116,Alphonse Areola,FRA,GK,West Ham,Premier League,29,1993,1,0,0,0,0,0,0,0
117,Jesús Areso,ESP,DF,Osasuna,La Liga,22,1999,3,0.48,0,0,0,0,0,0
118,Matias Arezo,URU,FW,Granada,La Liga,19,2002,8,0.56,0,0,0,2.78,1.67,0
119,Santiago Arias,COL,DF,Granada,La Liga,30,1992,12,0.2,0,0,0.2,0.61,0.2,0
120,Adam Armstrong,ENG,FW,Southampton,Premier League,25,1997,23,0.06,0,0,0.13,2.99,0.89,0.13
121,Stuart Armstrong,SCO,MF,Southampton,Premier League,30,1992,25,0.06,0,0,0.12,2.32,0.55,0
122,Marko Arnautovi?,AUT,FW,Bologna,Serie A,33,1989,33,0.2,0,0,0.47,3.04,1.07,0.03
123,Maximilian Arnold,GER,MF,Wolfsburg,Bundesliga,28,1994,34,0.12,0,0,0.12,1.2,0.42,0.06
124,Kepa Arrizabalaga,ESP,GK,Chelsea,Premier League,27,1994,4,0,0,0,0,0,0,0
125,Tolgay Arslan,GER,MF,Udinese,Serie A,31,1990,30,0.49,0,0,0.05,1.25,0.49,0
126,Arthur,BRA,FW,Fiorentina,Serie A,24,1998,14,0.12,0,0,0.24,2.77,0.96,0.24
127,Santiago Arzamendia,PAR,MFDF,Cádiz,La Liga,24,1998,14,0.38,0,0,0.19,1.15,0.19,0
128,Takuma Asano,JPN,FWMF,Bochum,Bundesliga,27,1994,27,0.06,0,0,0.17,1.79,0.61,0.22
129,Santiago Ascacíbar,ARG,MF,Hertha BSC,Bundesliga,25,1997,28,0.19,0,0,0,0.49,0.04,0.04
130,Sergio Asenjo,ESP,GK,Villarreal,La Liga,32,1989,6,0.17,0,0,0,0,0,0
131,Alejandro Asensio,ESP,FW,Rayo Vallecano,La Liga,21,2000,2,0,0,0,0,10,0,0
132,Marco Asensio,ESP,FWMF,Real Madrid,La Liga,26,1996,31,0.1,0,0,0.52,3.33,1.61,0
133,Harrison Ashby,SCO,DF,West Ham,Premier League,20,2001,1,0,0,0,0,0,0,0
134,Kristoffer Askildsen,NOR,MF,Sampdoria,Serie A,21,2001,19,0.6,0,0,0,0.83,0,0
135,Fisnik Asllani,KVX,MFFW,Hoffenheim,Bundesliga,19,2002,2,0,0,0,0,0,0,0
136,Kristjan Asllani,ALB,MF,Empoli,Serie A,20,2002,23,0.13,0,0,0.07,1.07,0.4,0.07
137,Iago Aspas,ESP,FW,Celta Vigo,La Liga,34,1987,37,0.26,0,0,0.5,2.45,1.08,0.15
138,Lorenz Assignon,TOG,DF,Rennes,Ligue 1,21,2000,20,0,0,0,0,0.88,0.59,0.29
139,Simon Asta,GER,DF,Greuther Fürth,Bundesliga,21,2001,13,0.11,0,0,0,0.34,0,0
140,Youcef Atal,ALG,DF,Nice,Ligue 1,26,1996,17,0.31,0,0,0.16,1.1,0.39,0.08
141,Pierre-Emerick Aubameyang,GAB,FW,Barcelona,La Liga,32,1989,17,0,0,0,0.92,3.17,1.67,0.08
142,Pierre-Emerick Aubameyang,GAB,FW,Arsenal,Premier League,32,1989,14,0.26,0,0,0.35,2.87,1.39,0.09
143,Emil Audero,ITA,GK,Sampdoria,Serie A,25,1997,29,0.07,0,0,0,0,0,0
144,Tommaso Augello,ITA,DF,Sampdoria,Serie A,27,1994,36,0,0,0,0.04,0.26,0.08,0.04
145,Jean-Kévin Augustin,FRA,FWMF,Nantes,Ligue 1,24,1997,7,1.11,0,0,0,2.22,0,0
146,Ludwig Augustinsson,SWE,DF,Sevilla,La Liga,28,1994,19,0.34,0,0,0,0.45,0.23,0.11
147,Serge Aurier,CIV,DF,Villarreal,La Liga,29,1992,19,0.36,0,0,0,0.98,0.18,0.09
148,Ezequiel Ávila,ARG,FWMF,Osasuna,La Liga,28,1994,36,0.43,0.05,0.05,0.29,2.88,0.72,0.05
149,Taiwo Awoniyi,NGA,FW,Union Berlin,Bundesliga,24,1997,31,0.04,0,0,0.62,2.73,1.24,0.04
150,Ramzi Aya,ITA,DF,Salernitana,Serie A,31,1990,2,0.67,0,0,0,0.67,0,0
151,Jordan Ayew,GHA,FW,Crystal Palace,Premier League,30,1991,31,0.09,0,0,0.13,1.56,0.36,0.13
152,Kaan Ayhan,TUR,DF,Sassuolo,Serie A,27,1994,23,0.13,0.07,0,0.07,0.33,0.07,0
153,Luke Ayling,ENG,DF,Leeds United,Premier League,30,1991,26,0.16,0.04,0,0.08,0.75,0.12,0.08
154,Karim Azamoum,FRA,DF,Troyes,Ligue 1,32,1990,7,0.47,0,0,0,0.7,0.7,0
155,Sardar Azmoun,IRN,FWMF,Leverkusen,Bundesliga,27,1995,9,0,0,0,0.25,2.5,1,0.25
156,César Azpilicueta,ESP,DF,Chelsea,Premier League,32,1989,27,0.13,0,0,0.04,0.57,0.17,0.09
157,Iddrisu Baba,GHA,MF,Mallorca,La Liga,26,1996,26,0.42,0,0,0.09,1.02,0.37,0
158,Carlos Bacca,COL,FW,Granada,La Liga,35,1986,17,0.53,0,0,0,1.58,0.35,0.18
159,Daniel Bachmann,AUT,GK,Watford,Premier League,27,1994,12,0,0,0,0,0,0,0
160,Loïc Bade,FRA,DF,Rennes,Ligue 1,22,2000,14,0.28,0.09,0.09,0,0.64,0,0.09
161,Milan Badelj,CRO,MF,Genoa,Serie A,33,1989,34,0.13,0,0,0.03,0.7,0.16,0
162,Édgar Badía,ESP,GK,Elche,La Liga,30,1992,24,0.08,0,0,0,0,0,0
163,Benoît Badiashile,FRA,DF,Monaco,Ligue 1,21,2001,24,0.2,0,0,0.05,0.69,0.2,0
164,Youssouph Badji,SEN,FW,Brest,Ligue 1,20,2001,9,0,0,0,0,1.33,0,0
165,Miguel Baeza,ESP,DF,Celta Vigo,La Liga,22,2000,1,0,0,0,0,0,0,0
166,Nicola Bagnolini,ITA,GK,Bologna,Serie A,18,2004,1,0,0,0,0,0,0,0
167,Issa Bah,LUX,FW,Venezia,Serie A,19,2002,1,0,0,0,0,0,0,0
168,Stéphane Bahoken,CMR,FW,Angers,Ligue 1,30,1992,29,0,0,0,0.25,1.97,1.15,0.08
169,Leon Bailey,JAM,FWMF,Aston Villa,Premier League,24,1997,18,0.35,0,0,0.12,2.47,0.94,0.24
170,Eric Bailly,CIV,DF,Manchester Utd,Premier League,28,1994,4,0.42,0,0,0,0,0,0
171,Dénys Bain,FRA,DF,Brest,Ligue 1,28,1993,2,0,0,0,0,0,0,0
172,Stefan Bajic,FRA,GK,Saint-Étienne,Ligue 1,20,2001,7,0,0,0,0,0,0,0
173,Nedim Bajrami,ALB,MFFW,Empoli,Serie A,23,1999,35,0.13,0,0,0.26,2.24,0.79,0.22
174,Cédric Bakambu,COD,FW,Marseille,Ligue 1,31,1991,12,0.25,0,0,1,4.75,2,0
175,Abdoulaye Bakayoko,FRA,DF,Saint-Étienne,Ligue 1,19,2002,4,0,0,0,0,0,0,0
176,Tiemoué Bakayoko,FRA,MF,Milan,Serie A,27,1994,14,0.54,0,0,0,0.71,0,0
177,Mitchel Bakker,NED,DF,Leverkusen,Bundesliga,21,2000,25,0.3,0,0,0,0.45,0.1,0.2
178,Ridle Baku,GER,DFFW,Wolfsburg,Bundesliga,24,1998,34,0.15,0,0,0.11,1.36,0.29,0.18
179,Dilane Bakwa,FRA,FWDF,Bordeaux,Ligue 1,19,2002,5,0,0,0,0,4,2,0
180,Tommaso Baldanzi,ITA,FW,Empoli,Serie A,19,2003,1,0,0,0,0,0,0,0
181,Alejandro Balde,ESP,DFFW,Barcelona,La Liga,18,2003,5,0,0,0,0,0.48,0,0
182,Ibrahima Baldé,FRA,FWMF,Lens,Ligue 1,19,2003,4,0,0,0,0,0,0,0
183,Keita Baldé,SEN,FWMF,Cagliari,Serie A,27,1995,26,0.15,0,0,0.22,1.9,0.66,0.07
184,Gareth Bale,WAL,FW,Real Madrid,La Liga,32,1989,5,0.65,0,0,0.32,4.84,1.94,0
185,Mikel Balenziaga,ESP,DF,Athletic Club,La Liga,34,1988,26,0.09,0,0,0,0.27,0.09,0
186,Leonardo Balerdi,ARG,DF,Marseille,Ligue 1,23,1999,17,0.38,0.09,0,0,0.19,0,0
187,Iván Balliu,ALB,DF,Rayo Vallecano,La Liga,30,1992,35,0.29,0.03,0,0.03,0.43,0.09,0.06
188,Fodé Ballo-Touré,SEN,DF,Milan,Serie A,25,1997,10,0.4,0,0,0,0.6,0.2,0
189,Folarin Balogun,ENG,FW,Arsenal,Premier League,20,2001,2,0,0,0,0,3.75,0,0
190,Abdoulaye Bamba,CIV,DF,Angers,Ligue 1,32,1990,10,0.2,0,0,0,0.2,0,0
191,Jonathan Bamba,FRA,MFFW,Lille,Ligue 1,26,1996,31,0.11,0,0,0.04,1.89,0.44,0.07
192,Patrick Bamford,ENG,FW,Leeds United,Premier League,28,1993,9,0.32,0,0,0.32,3.23,0.81,0.32
193,Filippo Bandinelli,ITA,MF,Empoli,Serie A,27,1995,35,0.46,0,0,0.09,1.84,0.55,0.14
194,Mattia Bani,ITA,DF,Genoa,Serie A,28,1993,17,0.07,0,0,0,0.67,0,0
195,Simon Banza,FRA,FW,Lens,Ligue 1,25,1996,4,0,0,0,0.71,4.29,2.86,0.71
196,Shandon Baptiste,GRN,MF,Brentford,Premier League,24,1998,22,0.2,0.1,0.1,0.1,1.19,0.4,0.1
197,Antonín Barák,CZE,FWMF,Hellas Verona,Serie A,27,1994,29,0.15,0,0,0.42,1.85,0.77,0.15
198,Barbero,ESP,MFFW,Osasuna,La Liga,23,1998,6,0,0,0,0,0,0,0
199,Danilo Barbosa,BRA,DF,Nice,Ligue 1,26,1996,1,0,0,0,0,0,0,0
200,Barcia,ESP,DF,Granada,La Liga,21,2000,1,0,0,0,0,0,0,0
201,Bradley Barcola,FRA,FWMF,Lyon,Ligue 1,19,2002,11,0,0,0,0,1.72,0.69,0.34
202,Melvin Bard,FRA,DF,Nice,Ligue 1,21,2000,33,0.1,0,0,0.07,0.17,0.07,0.07
203,Enis Bardhi,MKD,MFFW,Levante,La Liga,26,1995,30,0.16,0,0,0.16,2.17,0.37,0.16
204,Francesco Bardi,ITA,GK,Bologna,Serie A,30,1992,2,0,0,0,0,0,0,0
205,Keidi Bare,ALB,MF,Espanyol,La Liga,24,1997,25,0.55,0,0,0.06,0.3,0.06,0.06
206,Nicolò Barella,ITA,MF,Inter,Serie A,25,1997,36,0.28,0,0,0.09,2.1,0.37,0.34
207,Kike Barja,ESP,MFFW,Osasuna,La Liga,25,1997,21,0.21,0,0,0.21,1.77,0.63,0
208,Ross Barkley,ENG,MF,Chelsea,Premier League,28,1993,6,0,0,0,0.5,4.5,2,0
209,Aymen Barkok,MAR,MFFW,Eint Frankfurt,Bundesliga,24,1998,5,0,0,0,0,1.11,0.56,0
210,Ashley Barnes,ENG,FW,Burnley,Premier League,32,1989,23,0.44,0,0,0.11,1.67,0.56,0
211,Harvey Barnes,ENG,FWMF,Leicester City,Premier League,24,1997,32,0.09,0,0,0.26,2.88,1.03,0.43
212,Antonio Barragán,ESP,DF,Elche,La Liga,34,1987,16,0.44,0,0,0,0.09,0,0
213,Leandro Barreiro Martins,LUX,MF,Mainz 05,Bundesliga,22,2000,31,0.15,0,0,0.05,1.61,0.45,0.1
214,Ander Barrenetxea,ESP,FWMF,Real Sociedad,La Liga,20,2001,11,0,0,0,0.16,1.31,0.33,0.16
215,Jacob Barrett Laursen,DEN,DF,Arminia,Bundesliga,27,1994,24,0.06,0,0,0.11,0.44,0.22,0
216,Musa Barrow,GAM,FWMF,Bologna,Serie A,23,1998,34,0,0,0,0.25,3.04,1.18,0.25
217,Abdourahmane Barry,FRA,DF,Greuther Fürth,Bundesliga,22,2000,8,0.87,0,0,0,0.43,0,0
218,Marc Bartra,ESP,DF,Betis,La Liga,31,1991,23,0.23,0,0,0.05,0.68,0.14,0
219,Daniele Baselli,ITA,MFFW,Torino,Serie A,30,1992,6,0,0,0,0,0.59,0,0
220,Daniele Baselli,ITA,MF,Cagliari,Serie A,30,1992,9,0.31,0,0,0,1.56,0,0.31
221,Toma Bai?,CRO,MF,Lazio,Serie A,25,1996,29,0.28,0,0,0,1.47,1.01,0.18
222,Toma Bai?,CRO,MF,Bordeaux,Ligue 1,25,1996,3,0,0,0,0,0.87,0,0.43
223,Amine Bassi,FRA,MF,Metz,Ligue 1,24,1997,5,0,0,0,0,2,0.5,0
224,Álvaro Bastida,ESP,MF,Cádiz,La Liga,18,2004,6,0.45,0,0,0,0,0,0
225,Alessandro Bastoni,ITA,DF,Inter,Serie A,23,1999,31,0.16,0,0,0.04,0.35,0.08,0.08
226,Simone Bastoni,ITA,MFDF,Spezia,Serie A,25,1996,31,0.2,0.04,0,0.12,1.1,0.24,0.12
227,Lewis Bate,ENG,MF,Leeds United,Premier League,19,2002,3,0,0,0,0,0.63,0,0
228,Rodrigo Battaglia,ARG,MF,Mallorca,La Liga,30,1991,26,0.31,0,0,0,0.38,0.08,0
229,Maximilian Bauer,GER,DF,Greuther Fürth,Bundesliga,22,2000,26,0.27,0,0,0,0.32,0.05,0
230,Oliver Baumann,GER,GK,Hoffenheim,Bundesliga,31,1990,33,0.03,0,0,0,0,0,0
231,Timo Baumgartl,GER,DF,Union Berlin,Bundesliga,26,1996,25,0.21,0,0,0.04,0.54,0.17,0.08
232,Julian Baumgartlinger,AUT,MF,Leverkusen,Bundesliga,34,1988,6,1,0,0,0,0,0,0
233,Christoph Baumgartner,AUT,MFFW,Hoffenheim,Bundesliga,22,1999,29,0.24,0,0,0.33,2,0.81,0.1
234,Jon Bautista,ESP,FWMF,Real Sociedad,La Liga,26,1995,1,0,0,0,0,2,0,0
235,Mohamed Bayo,GUI,FW,Clermont Foot,Ligue 1,23,1998,32,0.04,0,0,0.52,2.31,0.97,0.19
236,Paul Baysse,FRA,DF,Bordeaux,Ligue 1,34,1988,2,0,0,0,0,0,0,0
237,Noah Joel Sarenren Bazee,NGA,MFFW,Augsburg,Bundesliga,25,1996,14,0.37,0,0,0.37,2.59,1.11,0
238,Bebé,CPV,FWMF,Rayo Vallecano,La Liga,31,1990,29,0.21,0,0,0.1,5.1,0.73,0.21
239,Ihlas Bebou,TOG,FWDF,Hoffenheim,Bundesliga,28,1994,28,0,0,0,0.3,1.94,0.6,0.09
240,Rodrigo Becão,BRA,DF,Udinese,Serie A,26,1996,35,0.29,0,0,0.06,0.55,0.14,0.03
241,Mads Bech Sørensen,DEN,DF,Brentford,Premier League,23,1999,11,0.32,0,0,0,0.22,0,0
242,Sheraldo Becker,SUR,FWMF,Union Berlin,Bundesliga,27,1995,28,0.21,0,0,0.21,1.9,0.92,0.31
243,Jan Bednarek,POL,DF,Southampton,Premier League,26,1996,31,0.34,0,0,0.14,0.65,0.24,0
244,Donny van de Beek,NED,MF,Manchester Utd,Premier League,25,1997,8,0,0,0,1.25,2.5,1.25,0
245,Donny van de Beek,NED,MF,Everton,Premier League,25,1997,7,0.19,0,0,0.19,0.93,0.19,0
246,Asmir Begovi?,BIH,GK,Everton,Premier League,34,1987,3,0,0,0,0,0,0,0
247,Valon Behrami,SUI,MF,Genoa,Serie A,37,1985,10,0.86,0,0,0,0.29,0,0
248,Kevin Behrens,GER,FW,Union Berlin,Bundesliga,31,1991,24,0.18,0,0,0.36,2.91,1.27,0.36
249,Youcef Belaïli,ALG,MFFW,Brest,Ligue 1,30,1992,13,0.22,0,0,0.33,1.74,0.65,0.22
250,Vid Belec,SVN,GK,Salernitana,Serie A,31,1990,23,0.05,0,0,0,0,0,0
251,Ishak Belfodil,ALG,FW,Hertha BSC,Bundesliga,30,1992,26,0.05,0,0,0.27,1.87,0.93,0.11
252,Haris Belkebla,ALG,MF,Brest,Ligue 1,28,1994,31,0.08,0,0,0,0.16,0.04,0
253,Stefan Bell,GER,DF,Mainz 05,Bundesliga,30,1991,33,0.28,0,0,0.06,0.69,0.16,0
254,Armel Bella Kotchap,GER,DF,Bochum,Bundesliga,20,2001,22,0.26,0,0,0,0.51,0.15,0
255,Raoul Bellanova,ITA,DF,Cagliari,Serie A,21,2000,31,0.11,0,0,0.04,0.83,0.18,0.07
256,Karim Bellarabi,GER,FWDF,Leverkusen,Bundesliga,32,1990,16,0.26,0,0,0.39,3.68,1.45,0.26
257,Jean-Ricner Bellegarde,FRA,MF,Strasbourg,Ligue 1,23,1998,36,0.19,0,0,0.08,1.2,0.27,0.12
258,Héctor Bellerín,ESP,DF,Betis,La Liga,27,1995,23,0.09,0.05,0,0,0.45,0.05,0.09
259,Jude Bellingham,ENG,MF,Dortmund,Bundesliga,18,2003,32,0.29,0,0,0.1,1.42,0.39,0.26
260,George Bello,USA,DF,Arminia,Bundesliga,20,2002,10,0,0,0,0,0.63,0,0
261,Jeanuel Belocian,FRA,DF,Rennes,Ligue 1,17,2005,1,0,0,0,0,0,0,0
262,Andrea Belotti,ITA,FW,Torino,Serie A,28,1993,22,0.07,0,0,0.53,3.62,1.05,0.07
263,Fran Beltrán,ESP,MF,Celta Vigo,La Liga,23,1999,37,0.14,0,0,0.03,0.69,0.14,0
264,Hatem Ben Arfa,FRA,FWMF,Lille,Ligue 1,35,1987,7,0.29,0,0,0,0.86,0.29,0.29
265,Salim Ben Seghir,FRA,FW,Marseille,Ligue 1,19,2003,1,0,0,0,0,0,0,0
266,Wissam Ben Yedder,FRA,FW,Monaco,Ligue 1,31,1990,37,0.11,0,0,0.89,2.31,1.25,0.18
267,Marco Benassi,ITA,DFMF,Fiorentina,Serie A,27,1994,6,0.56,0,0,0,1.67,0,0
268,Marco Benassi,ITA,MF,Empoli,Serie A,27,1994,12,0.24,0,0,0,1.67,0.95,0
269,Darío Benedetto,ARG,FWMF,Marseille,Ligue 1,32,1990,2,0,0,0,0,5,0,0
270,Darío Benedetto,ARG,FW,Elche,La Liga,32,1990,14,0.15,0,0,0.3,2.73,0.91,0.15
271,László Bénes,SVK,MF,M'Gladbach,Bundesliga,24,1997,13,0,0,0,0,2.59,1.85,0
272,Walter Benítez,ARG,GK,Nice,Ligue 1,29,1993,37,0.05,0,0,0,0,0,0
273,Iker Benito,ESP,MFFW,Osasuna,La Liga,19,2002,4,0.77,0,0,0,2.31,0.77,0
274,Loris Benito,SUI,DF,Bordeaux,Ligue 1,30,1992,1,0,0,0,0,0,0,0
275,Pedro Benito,ESP,FW,Cádiz,La Liga,22,2000,1,0,0,0,0,0,0,0
276,Filip Benkovi?,CRO,DFFW,Udinese,Serie A,24,1997,2,0,0,0,0,10,10,0
277,Ismaël Bennacer,ALG,MF,Milan,Serie A,24,1997,31,0.41,0,0,0.12,0.95,0.36,0.06
278,Keanan Bennetts,ENG,FWDF,M'Gladbach,Bundesliga,23,1999,4,1.67,0,0,0,1.67,0,0
279,Saïd Benrahma,ALG,FWMF,West Ham,Premier League,26,1995,32,0,0,0,0.33,2.61,0.91,0.25
280,Ramy Bensebaini,ALG,DF,M'Gladbach,Bundesliga,27,1995,23,0.27,0,0,0.18,1.29,0.31,0.04
281,Nabil Bentaleb,ALG,MF,Angers,Ligue 1,27,1994,18,0.24,0,0,0.06,0.89,0.42,0
282,Rodrigo Bentancur,URU,MF,Tottenham,Premier League,24,1997,17,0.33,0,0,0,0.93,0.13,0.26
283,Rodrigo Bentancur,URU,MF,Juventus,Serie A,24,1997,19,0.08,0,0,0,0.63,0.08,0.08
284,Christian Benteke,BEL,FW,Crystal Palace,Premier League,31,1990,25,0.24,0,0,0.31,3.07,1.02,0.08
285,Karim Benzema,FRA,FW,Real Madrid,La Liga,34,1987,32,0,0,0,0.94,4.1,1.63,0.42
286,Alessandro Berardi,ITA,GK,Hellas Verona,Serie A,31,1991,1,0,0,0,0,0,0,0
287,Domenico Berardi,ITA,FW,Sassuolo,Serie A,27,1994,33,0.29,0,0,0.48,3.29,1.28,0.45
288,Yuri Berchiche,ESP,DF,Athletic Club,La Liga,32,1990,14,0.27,0,0,0.09,0.71,0.27,0.18
289,Álex Berenguer,ESP,MFFW,Athletic Club,La Liga,26,1995,34,0.33,0,0,0.12,1.91,0.58,0.25
290,Bartosz Bereszy?ski,POL,DF,Sampdoria,Serie A,29,1992,35,0.37,0,0,0,0.18,0.03,0.09
291,Jóhann Berg Gu?mundsson,ISL,MF,Burnley,Premier League,31,1990,18,0.16,0,0,0,1.56,0.33,0.08
292,Patrick Berg,NOR,MF,Lens,Ligue 1,24,1997,14,0,0,0,0,0,0,0
293,Mitchell van Bergen,NED,FWMF,Reims,Ligue 1,22,1999,20,0.09,0,0,0,1.1,0.46,0
294,Steven Bergwijn,NED,FWMF,Tottenham,Premier League,24,1997,25,0.16,0,0,0.48,3.02,1.59,0.16
295,Etrit Berisha,ALB,GK,Torino,Serie A,33,1989,10,0.1,0,0,0,0,0,0
296,Valon Berisha,KVX,MFFW,Reims,Ligue 1,29,1993,13,0.39,0.2,0.2,0,0.78,0,0.2
297,Federico Bernardeschi,ITA,MFFW,Juventus,Serie A,28,1994,28,0.3,0,0,0.06,2.07,0.49,0.18
298,Paul Bernardoni,FRA,GK,Angers,Ligue 1,25,1997,13,0,0,0,0,0,0,0
299,Paul Bernardoni,FRA,GK,Saint-Étienne,Ligue 1,25,1997,19,0,0,0,0,0,0,0
300,Juan Bernat,ESP,DF,Paris S-G,Ligue 1,29,1993,15,0.19,0,0,0,0.09,0.09,0
301,Dimitry Bertaud,FRA,GK,Montpellier,Ligue 1,23,1998,11,0,0,0,0,0,0,0
302,Jason Berthomier,FRA,MF,Clermont Foot,Ligue 1,32,1990,29,0,0,0,0.05,1.2,0.21,0.26
303,Nicolò Bertola,ITA,MFDF,Spezia,Serie A,19,2003,2,0,0,0,0,2.5,2.5,0
304,Ryan Bertrand,ENG,DF,Leicester City,Premier League,32,1989,4,0.27,0,0,0,0,0,0
305,Daniel Bessa,ITA,MFFW,Hellas Verona,Serie A,29,1993,24,0.59,0.12,0.12,0.12,1.18,0.24,0.12
306,Beto,GNB,FW,Udinese,Serie A,24,1998,28,0.04,0,0,0.46,2.66,1.08,0
307,Louis Beyer,GER,DF,M'Gladbach,Bundesliga,22,2000,17,0.32,0,0,0,0.45,0,0
308,Bartosz Bialek,POL,FW,Wolfsburg,Bundesliga,20,2001,12,0.5,0,0,0,3.5,1,0
309,Giulian Biancone,FRA,DF,Troyes,Ligue 1,22,2000,33,0.39,0,0,0.04,1.14,0.31,0.08
310,Ermin Bi?ak?i?,BIH,DF,Hoffenheim,Bundesliga,32,1990,1,0,0,0,0,0,0,0
311,Mads Bidstrup,DEN,MF,Brentford,Premier League,21,2001,4,0,0,0,0,0,0,0
312,Pedro Bigas,ESP,DF,Elche,La Liga,31,1990,19,0.35,0,0,0.06,0.7,0.17,0
313,El Bilal Touré,MLI,FW,Reims,Ligue 1,20,2001,21,0.15,0,0,0.15,2.48,0.83,0.3
314,Jean-Claude Billong,CMR,DF,Clermont Foot,Ligue 1,28,1993,15,0.18,0,0,0,0.37,0.09,0
315,Luis Binks,ENG,DF,Bologna,Serie A,20,2001,15,0.42,0,0,0,0.28,0,0
316,Cristiano Biraghi,ITA,DF,Fiorentina,Serie A,29,1992,37,0.14,0.03,0.03,0.11,1.06,0.49,0.03
317,Davide Biraschi,ITA,DF,Genoa,Serie A,27,1994,14,0.39,0,0,0,0.29,0,0
318,Tom Bischof,GER,MFFW,Hoffenheim,Bundesliga,16,2005,1,0,0,0,0,0,0,0
319,Yves Bissouma,MLI,MF,Brighton,Premier League,25,1996,26,0.43,0,0,0.04,0.89,0.21,0.09
320,Nathan Bitu Mazala,FRA,DF,Paris S-G,Ligue 1,19,2002,1,0,0,0,0,0,0,0
321,Marco Bizot,NED,GK,Brest,Ligue 1,31,1991,38,0.03,0,0,0,0,0,0.03
322,Bjarki Bjarkason,ISL,FW,Venezia,Serie A,22,2000,1,0,0,0,0,0,0,0
323,Blanco,ESP,MF,Real Madrid,La Liga,21,2000,1,0,0,0,0,0,0,0
324,Ludovic Blas,FRA,MFFW,Nantes,Ligue 1,24,1997,35,0.3,0,0,0.3,2.58,0.97,0.15
325,Danny Blum,GER,FWMF,Bochum,Bundesliga,31,1991,13,0,0,0,0.53,2.89,1.32,0
326,Myron Boadu,NED,FW,Monaco,Ligue 1,21,2001,31,0,0,0,0.37,1.96,0.75,0.09
327,Jérôme Boateng,GER,DF,Lyon,Ligue 1,33,1988,24,0.33,0,0,0,0.28,0.17,0.06
328,Kevin-Prince Boateng,GHA,MFFW,Hertha BSC,Bundesliga,35,1987,18,1.04,0,0,0,1.3,0.26,0
329,Antonin Bobichon,FRA,MFFW,Angers,Ligue 1,26,1995,4,0,0,0,0,0,0,0
330,Herbert Bockhorn,GER,DF,Bochum,Bundesliga,27,1995,18,0.11,0,0,0,0.74,0.21,0
331,Jean-Paul Boëtius,NED,MF,Mainz 05,Bundesliga,28,1994,33,0.15,0,0,0.1,1.2,0.4,0.1
332,Jeremie Boga,CIV,FWMF,Sassuolo,Serie A,25,1997,12,0,0,0,0,2.03,0.68,0.27
333,Jeremie Boga,CIV,FWMF,Atalanta,Serie A,25,1997,15,0,0,0,0,2.47,0.59,0
334,Luka Bogdan,CRO,DF,Salernitana,Serie A,26,1996,6,0,0,0,0,0.45,0,0
335,Emil Bohinen,NOR,MF,Salernitana,Serie A,23,1999,11,0.64,0,0,0,0.38,0.38,0.13
336,Quentin Boisgard,FRA,MFFW,Lorient,Ligue 1,25,1997,25,0.28,0,0,0.09,1.51,0.75,0.09
337,Charles Boli,FRA,MF,Lens,Ligue 1,23,1998,4,0,0,0,0,0,0,0
338,Willy Boly,CIV,DF,Wolves,Premier League,31,1991,10,0.1,0,0,0,0.2,0.1,0
339,Giacomo Bonaventura,ITA,MF,Fiorentina,Serie A,32,1989,31,0.32,0.04,0.04,0.16,1.79,0.56,0.16
340,Federico Bonazzoli,ITA,FWMF,Salernitana,Serie A,25,1997,32,0.29,0,0,0.48,2.71,0.97,0
341,Tarsis Bonga,GER,FW,Bochum,Bundesliga,25,1997,3,0,0,0,0,15,5,0
342,Kevin Bonifazi,ITA,DF,Bologna,Serie A,26,1996,22,0.3,0.07,0.07,0,0.67,0,0
343,Solomon Bonnah,NED,DF,RB Leipzig,Bundesliga,18,2003,1,0,0,0,0,0,0,0
344,Leonardo Bonucci,ITA,DF,Juventus,Serie A,35,1987,24,0.04,0,0,0.22,0.63,0.13,0
345,Sebastiaan Bornauw,BEL,DF,Wolfsburg,Bundesliga,23,1999,27,0.18,0,0,0.04,0.58,0.18,0
346,Rafael Borré,COL,FW,Eint Frankfurt,Bundesliga,26,1995,31,0.19,0,0,0.3,1.93,0.91,0.15
347,Sven Botman,NED,DF,Lille,Ligue 1,22,2000,25,0.16,0,0,0.12,0.6,0.2,0.04
348,Denis Bouanga,GAB,FWMF,Saint-Étienne,Ligue 1,27,1994,34,0.15,0.04,0,0.33,3.14,1.18,0.22
349,Hicham Boudaoui,ALG,MF,Nice,Ligue 1,22,1999,29,0.39,0,0,0.17,0.89,0.28,0.11
350,Ryad Boudebouz,ALG,MFFW,Saint-Étienne,Ligue 1,32,1990,30,0.08,0,0,0.12,1.08,0.36,0.16
351,Sofiane Boufal,MAR,FWMF,Angers,Ligue 1,28,1993,29,0.23,0,0,0.31,2.39,0.93,0.15
352,Farid Boulaya,ALG,MFFW,Metz,Ligue 1,29,1993,24,0.06,0.06,0,0.24,1.12,0.35,0.12
353,Yassine Bounou,MAR,GK,Sevilla,La Liga,31,1991,31,0.06,0,0,0,0,0,0.06
354,Ismaëlben Boura,FRA,DF,Lens,Ligue 1,21,2000,5,0,0,0,0,0.91,0,0
355,Mehdi Bourabia,MAR,MF,Spezia,Serie A,30,1991,8,0,0,0,0.32,0.32,0.32,0
356,Benjamin Bourigeaud,FRA,FWMF,Rennes,Ligue 1,28,1994,38,0.06,0,0,0.31,1.52,0.59,0.34
357,Redwan Bourles,FRA,MFFW,Lorient,Ligue 1,19,2003,4,0,0,0,0,0,0,0
358,Edoardo Bove,ITA,MFFW,Roma,Serie A,20,2002,11,0,0,0,1.25,1.25,1.25,0
359,Jarrod Bowen,ENG,FW,West Ham,Premier League,25,1996,36,0.18,0,0,0.36,2.42,1,0.3
360,Dedryck Boyata,BEL,DF,Hertha BSC,Bundesliga,31,1990,23,0.05,0.05,0,0,0.47,0.09,0
361,Lucas Boyé,ARG,FW,Elche,La Liga,26,1996,24,0.16,0,0,0.37,2.58,0.79,0.16
362,Domagoj Bradari?,CRO,DFMF,Lille,Ligue 1,22,1999,15,0.43,0,0,0,0.22,0,0
363,Bilal Brahimi,FRA,FWDF,Angers,Ligue 1,22,2000,9,0,0,0,0,1.58,0.53,0.26
364,Bilal Brahimi,FRA,MFFW,Nice,Ligue 1,22,2000,11,0.24,0,0,0,0.95,0,0
365,Martin Braithwaite,DEN,FW,Barcelona,La Liga,30,1991,4,0,0,0,0.77,2.69,1.15,0.38
366,Julian Brandt,GER,MFFW,Dortmund,Bundesliga,26,1996,31,0.13,0,0,0.39,1.47,0.65,0.35
367,Jarrad Branthwaite,ENG,DF,Everton,Premier League,19,2002,6,0,0.23,0,0.23,0.7,0.47,0
368,Darko Braanac,SRB,MF,Osasuna,La Liga,30,1992,35,0.3,0,0,0.04,0.67,0.19,0.07
369,Lilian Brassier,FRA,DF,Brest,Ligue 1,22,1999,31,0.16,0,0,0.04,0.44,0.08,0
370,Claudio Bravo,CHI,GK,Betis,La Liga,39,1983,17,0.12,0,0,0,0,0,0
371,Iker Bravo,ESP,FW,Leverkusen,Bundesliga,17,2005,1,0,0,0,0,0,0,0
372,Fabian Bredlow,GER,GK,Stuttgart,Bundesliga,27,1995,4,0,0,0,0,0,0,0
373,Josip Brekalo,CRO,MF,Wolfsburg,Bundesliga,23,1998,1,0,0,0,0,0,0,5
374,Josip Brekalo,CRO,FWMF,Torino,Serie A,23,1998,32,0.04,0,0,0.28,1.73,0.67,0.08
375,Gleison Bremer,BRA,DF,Torino,Serie A,25,1997,33,0.22,0,0,0.09,0.87,0.31,0.03
376,Jimmy Briand,FRA,FWMF,Bordeaux,Ligue 1,36,1985,17,0.4,0,0,0.8,3.2,0.8,0.4
377,Yan Brice Eteki,CMR,MF,Granada,La Liga,24,1997,12,0.79,0,0,0,0.53,0,0
378,Brian Brobbey,NED,FW,RB Leipzig,Bundesliga,20,2002,9,0,0,0,0,2.67,0,1.33
379,Armando Broja,ALB,FW,Southampton,Premier League,20,2001,32,0.09,0,0,0.27,2.19,0.87,0
380,Dylan Bronn,TUN,DF,Metz,Ligue 1,26,1995,30,0.35,0.04,0.04,0.04,0.53,0.25,0.07
381,John Brooks,USA,DF,Wolfsburg,Bundesliga,29,1993,31,0.07,0,0,0.03,0.41,0.07,0.03
382,Daniel Brosinski,GER,DF,Mainz 05,Bundesliga,33,1988,11,0,0,0,0,0.23,0,0
383,Josh Brownhill,ENG,MF,Burnley,Premier League,26,1995,35,0.3,0,0,0.06,0.88,0.27,0.09
384,Marcelo Brozovi?,CRO,MF,Inter,Serie A,29,1992,35,0.21,0,0,0.06,0.98,0.4,0.03
385,Cédric Brunner,SUI,DF,Arminia,Bundesliga,28,1994,27,0.25,0,0,0,0.41,0,0.04
386,Lewis Brunt,ENG,MF,Leicester City,Premier League,21,2000,1,0,0,0,0,0,0,0
387,Jacob Bruun Larsen,DEN,FWMF,Hoffenheim,Bundesliga,23,1998,25,0.11,0,0,0.44,2,0.78,0
388,Bryan,ESP,MFFW,Valencia,La Liga,21,2001,13,0.36,0,0,0,1.31,0.24,0.12
389,Bryan,ESP,FWMF,Tottenham,Premier League,21,2001,9,0,0,0,0,1,1,0
390,Ante Budimir,CRO,FW,Osasuna,La Liga,30,1991,28,0.16,0,0,0.41,2.28,0.93,0.1
391,Emi Buendía,ARG,FWMF,Aston Villa,Premier League,25,1996,35,0.05,0,0,0.19,2.09,0.66,0.28
392,Osman Bukari,GHA,FWMF,Nantes,Ligue 1,23,1998,24,0.09,0,0,0.18,1.79,0.8,0.36
393,Aleksander Buksa,POL,FW,Genoa,Serie A,19,2003,4,0,0,0,0,0,0,0
394,Alessandro Buongiorno,ITA,DF,Torino,Serie A,22,1999,23,0.38,0,0,0,0.38,0.08,0.08
395,Sascha Burchert,GER,GK,Greuther Fürth,Bundesliga,32,1989,14,0,0,0,0,0,0,0
396,Delano Burgzorg,NED,FW,Mainz 05,Bundesliga,23,1998,3,0,0,0,3.33,6.67,3.33,0
397,Jonathan Burkardt,GER,FWMF,Mainz 05,Bundesliga,21,2000,34,0,0,0,0.38,2.66,1.14,0.1
398,Roman Bürki,SUI,GK,Dortmund,Bundesliga,31,1990,1,0,0,0,0,0,0,0
399,Dan Burn,ENG,DF,Brighton,Premier League,30,1992,13,0.35,0,0,0.09,0.61,0.26,0
400,Dan Burn,ENG,DF,Newcastle Utd,Premier League,30,1992,16,0.25,0,0,0,0.69,0.06,0.06
401,Maxime Busi,BEL,DF,Reims,Ligue 1,22,1999,18,0.21,0,0,0.07,0.42,0.14,0
402,Gianluca Busio,USA,MF,Venezia,Serie A,20,2002,29,0.37,0,0,0.05,0.65,0.23,0.05
403,Oriol Busquets,ESP,MF,Clermont Foot,Ligue 1,23,1999,9,0,0,0,0,0.45,0,0
404,Sergio Busquets,ESP,MF,Barcelona,La Liga,33,1988,36,0.34,0,0,0.06,0.39,0.11,0
405,Jack Butland,ENG,GK,Crystal Palace,Premier League,29,1993,9,0,0,0,0,0,0,0
406,Adrián Butzke,ESP,FW,Granada,La Liga,23,1999,1,0,0,0,0,0,0,0
407,Marcin Bu?ka,POL,GK,Nice,Ligue 1,22,1999,1,0,0,0,0,0,0,0
408,Jamie Bynoe-Gittens,ENG,FW,Dortmund,Bundesliga,17,2004,4,0,0,0,0,0.67,0.67,0
409,Sam Byram,ENG,DF,Norwich City,Premier League,28,1993,15,0.26,0,0,0,0.61,0.09,0
410,Erick Cabaco,URU,DF,Getafe,La Liga,27,1995,10,0.89,0.22,0.22,0,0.44,0,0.22
411,Willy Caballero,ARG,GK,Southampton,Premier League,40,1981,2,0.5,0,0,0,0,0,0
412,Rémy Cabella,FRA,MFFW,Montpellier,Ligue 1,32,1990,5,0,0,0,0,0.57,0,0
413,Jimmy Cabot,FRA,DF,Angers,Ligue 1,28,1994,24,0.18,0,0,0,0.49,0.13,0.22
414,Jovane Cabral,CPV,FW,Lazio,Serie A,23,1998,3,0,0,0,0.48,2.86,0.48,0
415,Leandro Cabrera,URU,DF,Espanyol,La Liga,30,1991,37,0.19,0,0,0.05,0.46,0.16,0
416,Liberato Cacace,NZL,DF,Empoli,Serie A,21,2000,10,0.19,0,0,0,0.19,0,0
417,Martín Cáceres,URU,DF,Cagliari,Serie A,35,1987,14,0.33,0.11,0,0.11,0.76,0.11,0.11
418,Martín Cáceres,URU,DF,Levante,La Liga,35,1987,10,0.27,0,0,0,0,0,0
419,Anthony Caci,FRA,DF,Strasbourg,Ligue 1,24,1997,37,0.15,0,0,0.04,0.56,0.19,0.11
420,Mathieu Cafaro,FRA,FWMF,Reims,Ligue 1,25,1997,4,0.95,0,0,0,2.86,1.43,0
421,Yannick Cahuzac,FRA,MF,Lens,Ligue 1,37,1985,17,0.14,0.14,0,0,0.14,0,0
422,Felipe Caicedo,ECU,FW,Genoa,Serie A,33,1988,9,0.31,0,0,0.31,3.75,0.94,0.63
423,Felipe Caicedo,ECU,FW,Inter,Serie A,33,1988,3,0,0,0,0,0,0,0
424,Moisés Caicedo,ECU,MF,Brighton,Premier League,20,2001,8,0.27,0,0,0.14,1.37,0.55,0.14
425,Marc-Aurèle Caillard,FRA,GK,Metz,Ligue 1,28,1994,19,0.06,0,0,0,0,0,0
426,Jens Cajuste,SWE,MF,Reims,Ligue 1,22,1999,8,0,0,0,0.5,2,1.25,0
427,Cala,ESP,DF,Cádiz,La Liga,32,1989,14,0.76,0.1,0.1,0,0.48,0,0
428,Davide Calabria,ITA,DF,Milan,Serie A,25,1996,26,0.09,0,0,0.09,1.53,0.34,0.09
429,Riccardo Calafiori,ITA,DF,Genoa,Serie A,20,2002,3,1.11,0,0,0,1.11,0,0
430,Riccardo Calafiori,ITA,DF,Roma,Serie A,20,2002,6,1.05,0,0,0,0,0,0.53
431,Mattia Caldara,ITA,DF,Venezia,Serie A,28,1994,31,0.3,0,0,0.03,0.53,0.23,0
432,Calderón,ESP,DF,Betis,La Liga,22,2000,1,0,0,0,0,0,0,0
433,Fernando Calero,ESP,DF,Espanyol,La Liga,26,1995,16,0.25,0,0,0,0.08,0,0
434,Duje ?aleta-Car,CRO,DF,Marseille,Ligue 1,25,1996,26,0.26,0,0,0.09,0.52,0.17,0
435,Hakan Çalhanoðlu,TUR,MF,Inter,Serie A,28,1994,34,0.4,0,0,0.25,2.28,0.54,0.43
436,Daniel Caligiuri,ITA,DFMF,Augsburg,Bundesliga,34,1988,28,0.18,0,0,0.18,1.52,0.49,0.09
437,José Callejón,ESP,FW,Fiorentina,Serie A,35,1987,30,0,0,0,0.07,1.18,0.42,0.14
438,Lucas Calodat,FRA,DF,Saint-Étienne,Ligue 1,20,2002,1,0,0,0,0,0,0,0
439,Dominic Calvert-Lewin,ENG,FW,Everton,Premier League,25,1997,17,0.14,0,0,0.35,2.1,0.77,0.14
440,Mahdi Camara,FRA,MFDF,Saint-Étienne,Ligue 1,23,1998,35,0.23,0,0,0.09,0.85,0.44,0
441,Mamadou Camara,FRA,FW,Troyes,Ligue 1,21,2001,3,0,0,0,0,2.5,2.5,0
442,Víctor Camarasa,ESP,MFFW,Betis,La Liga,28,1994,7,0,0,0,0,0.83,0,0
443,Eduardo Camavinga,FRA,MF,Rennes,Ligue 1,19,2002,4,0,0,0,0,0,0,0
444,Eduardo Camavinga,FRA,MF,Real Madrid,La Liga,19,2002,25,0.61,0,0,0.15,0.91,0.38,0.08
445,Andrea Cambiaso,ITA,DF,Genoa,Serie A,22,2000,26,0.25,0.05,0.05,0.05,0.65,0.25,0.2
446,José Campaña,ESP,MF,Levante,La Liga,28,1993,20,0.38,0.06,0,0.13,0.76,0.32,0.13
447,Chem Campbell,WAL,MF,Wolves,Premier League,19,2002,1,0,0,0,0,0,0,0
448,Emre Can,GER,DFMF,Dortmund,Bundesliga,28,1994,24,0.27,0,0,0.27,0.32,0.11,0.05
449,Sergio Canales,ESP,FWMF,Betis,La Liga,31,1991,34,0.19,0,0,0.16,1.77,0.74,0.26
450,Matteo Cancellieri,ITA,MFDF,Hellas Verona,Serie A,20,2002,12,0.4,0,0,0.4,1.6,0.4,0
451,João Cancelo,POR,DF,Manchester City,Premier League,28,1994,36,0.19,0,0,0.03,2.26,0.64,0.19
452,Fali Candé,GNB,DF,Metz,Ligue 1,24,1998,11,0.19,0,0,0,0.56,0.19,0.19
453,Antonio Candreva,ITA,MFFW,Sampdoria,Serie A,35,1987,36,0.17,0.03,0,0.2,2.07,0.58,0.29
454,Sergi Canós,ESP,DF,Brentford,Premier League,25,1997,31,0.35,0.04,0.04,0.13,1.43,0.52,0.09
455,Álex Cantero,ESP,FWMF,Levante,La Liga,21,2000,25,0.15,0,0,0,2.35,0.74,0.15
456,Todd Cantwell,ENG,FWMF,Norwich City,Premier League,24,1998,8,0.41,0,0,0,0.82,0,0
457,Ander Capa,ESP,DF,Athletic Club,La Liga,30,1992,1,0,0,0,0,1,0,0
458,Pierrick Capelle,FRA,MFDF,Angers,Ligue 1,35,1987,30,0.08,0,0,0,1.28,0.08,0.08
459,Leonardo Capezzi,ITA,MF,Salernitana,Serie A,27,1995,5,0,0,0,0,0,0,0
460,Étienne Capoue,FRA,MF,Villarreal,La Liga,33,1988,30,0.35,0,0,0.04,0.55,0.2,0.04
461,Gianluca Caprari,ITA,FWMF,Hellas Verona,Serie A,28,1993,35,0.13,0,0,0.39,2.14,0.86,0.23
462,Francesco Caputo,ITA,FW,Sassuolo,Serie A,34,1987,2,0.59,0,0,0,2.35,0,0.59
463,Francesco Caputo,ITA,FW,Sampdoria,Serie A,34,1987,36,0,0,0,0.35,1.74,0.9,0.1
464,Maxence Caqueret,FRA,MF,Lyon,Ligue 1,22,2000,31,0.19,0,0,0,0.58,0.08,0
465,Andrea Carboni,ITA,DF,Cagliari,Serie A,21,2001,30,0.24,0,0,0,0.41,0,0
466,Isaac Carcelen,ESP,DFMF,Cádiz,La Liga,29,1993,25,0.12,0,0,0,0.7,0.23,0.06
467,Cárdenas,ESP,GK,Levante,La Liga,25,1997,24,0.13,0,0,0,0,0,0
468,Irvin Cardona,FRA,FWMF,Brest,Ligue 1,24,1997,32,0.14,0,0,0.27,1.89,0.81,0.14
469,Igor Carioca,BRA,DF,Lorient,Ligue 1,25,1996,28,0.17,0,0,0,0.8,0.34,0
470,Carlo,ESP,MF,Villarreal,La Liga,21,2001,1,0,0,0,0,0,0,0
471,Diego Carlos,BRA,DF,Sevilla,La Liga,29,1993,34,0.12,0.03,0.03,0.09,0.88,0.3,0
472,Carmona,ESP,DF,Sevilla,La Liga,20,2002,1,0,0,0,0,0,0,0
473,Yannick Carrasco,BEL,DFMF,Atlético Madrid,La Liga,28,1993,34,0.17,0,0,0.21,1.71,0.35,0.21
474,Guido Carrillo,ARG,FW,Elche,La Liga,31,1991,29,0.23,0,0,0.15,1.85,0.77,0
475,Dani Carvajal,ESP,DF,Real Madrid,La Liga,30,1992,24,0.06,0,0,0.06,0.58,0.12,0.17
476,William Carvalho,POR,MF,Betis,La Liga,30,1992,33,0.3,0,0,0.1,1.64,0.5,0.15
477,Nicolò Casale,ITA,DF,Hellas Verona,Serie A,24,1998,36,0.35,0,0,0,0.38,0,0.03
478,Casemiro,BRA,MF,Real Madrid,La Liga,30,1992,32,0.39,0,0,0.04,1.44,0.32,0.11
479,Matty Cash,POL,DF,Aston Villa,Premier League,24,1997,38,0.21,0,0,0.11,0.96,0.35,0.08
480,Kiko Casilla,ESP,GK,Elche,La Liga,35,1986,14,0.21,0,0,0,0,0,0
481,Moreto Cassamã,GNB,MF,Reims,Ligue 1,24,1998,17,0.11,0,0,0.22,1.24,0.79,0
482,Francesco Cassata,ITA,MF,Genoa,Serie A,24,1997,1,0,0,0,0,0,0,0
483,Timothy Castagne,BEL,DF,Leicester City,Premier League,26,1995,27,0.04,0,0,0.04,0.3,0.13,0
484,Koen Casteels,BEL,GK,Wolfsburg,Bundesliga,29,1992,28,0.04,0,0,0,0,0,0
485,Jean-Charles Castelletto,CMR,DF,Nantes,Ligue 1,27,1995,28,0.29,0,0,0.04,0.57,0.14,0
486,Samu Castillejo,ESP,FWMF,Milan,Serie A,27,1995,5,0.71,0,0,0,1.43,0,0
487,Gonzalo Castro,GER,MFFW,Arminia,Bundesliga,34,1987,12,0,0,0,0.21,1.67,0.42,0.21
488,Jonny Castro,ESP,DF,Wolves,Premier League,28,1994,13,0.09,0,0,0.18,0.88,0.44,0
489,Gaetano Castrovilli,ITA,MF,Fiorentina,Serie A,25,1997,23,0.26,0,0,0.06,1.03,0.13,0.06
490,Danilo Cataldi,ITA,MF,Lazio,Serie A,27,1994,32,0.42,0,0,0.05,0.63,0.21,0.11
491,Catena,ESP,DF,Rayo Vallecano,La Liga,27,1994,36,0.22,0,0,0.06,0.61,0.17,0.06
492,Craig Cathcart,NIR,DF,Watford,Premier League,33,1989,31,0.11,0,0,0,0.11,0,0.04
493,Edinson Cavani,URU,FW,Manchester Utd,Premier League,35,1987,15,0,0,0,0.24,2.12,0.71,0.12
494,Dani Ceballos,ESP,MF,Real Madrid,La Liga,25,1996,11,0.32,0,0,0,3.23,0.97,0
495,Pietro Ceccaroni,ITA,DF,Venezia,Serie A,26,1995,35,0.2,0.03,0,0.06,0.55,0.17,0.03
496,Federico Ceccherini,ITA,DF,Hellas Verona,Serie A,30,1992,34,0.46,0.04,0.04,0.04,0.42,0.08,0
497,Emil Ceide,NOR,FWDF,Sassuolo,Serie A,20,2001,6,0,0,0,0,0,0,0
498,Zeki Çelik,TUR,DF,Lille,Ligue 1,25,1997,32,0.33,0,0,0.07,0.77,0.1,0.1
499,Fabien Centonze,FRA,DF,Metz,Ligue 1,26,1996,19,0.17,0,0,0.23,0.85,0.4,0.06
500,Luca Ceppitelli,ITA,DF,Cagliari,Serie A,32,1989,24,0.19,0,0,0.06,0.43,0.06,0.06