PassengerId,Survived,Pclass,Name,Sex,Age,SibSp,Parch,Ticket,Fare,Cabin,Embarked,education
1,0,3,"Braund, Mr. Owen Harris",male,22,1,0,A/5 21171,7.25,,S,School
2,1,1,"Cumings, Mrs. John Bradley (Florence Briggs Thayer)",female,38,1,0,PC 17599,71.2833,C85,C,UG
3,1,3,"Heikkinen, Miss. Laina",female,26,0,0,STON/O2. 3101282,7.925,,S,PG
4,1,1,"Futrelle, Mrs. Jacques Heath (Lily May Peel)",female,35,1,0,113803,53.1,C123,S,PG
5,0,3,"Allen, Mr. William Henry",male,35,0,0,373450,8.05,,S,UG
6,0,3,"Moran, Mr. James",male,,0,0,330877,8.4583,,Q,School
7,0,1,"McCarthy, Mr. Timothy J",male,54,0,0,17463,51.8625,E46,S,School
8,0,3,"Palsson, Master. Gosta Leonard",male,2,3,1,349909,21.075,,S,School
9,1,3,"Johnson, Mrs. Oscar W (Elisabeth Vilhelmina Berg)",female,27,0,2,347742,11.1333,,S,UG
10,1,2,"Nasser, Mrs. Nicholas (Adele Achem)",female,14,1,0,237736,30.0708,,C,UG
11,1,3,"Sandstrom, Miss. Marguerite Rut",female,4,1,1,PP 9549,16.7,G6,S,UG
12,1,1,"Bonnell, Miss. Elizabeth",female,58,0,0,113783,26.55,C103,S,UG
13,0,3,"Saundercock, Mr. William Henry",male,20,0,0,A/5. 2151,8.05,,S,School
14,0,3,"Andersson, Mr. Anders Johan",male,39,1,5,347082,31.275,,S,School
15,0,3,"Vestrom, Miss. Hulda Amanda Adolfina",female,14,0,0,350406,7.8542,,S,PG
16,1,2,"Hewlett, Mrs. (Mary D Kingcome) ",female,55,0,0,248706,16,,S,UG
17,0,3,"Rice, Master. Eugene",male,2,4,1,382652,29.125,,Q,UG
18,1,2,"Williams, Mr. Charles Eugene",male,,0,0,244373,13,,S,UG
19,0,3,"Vander Planke, Mrs. Julius (Emelia Maria Vandemoortele)",female,31,1,0,345763,18,,S,School
20,1,3,"Masselmani, Mrs. Fatima",female,,0,0,2649,7.225,,C,PG
21,0,2,"Fynney, Mr. Joseph J",male,35,0,0,239865,26,,S,School
22,1,2,"Beesley, Mr. Lawrence",male,34,0,0,248698,13,D56,S,PG
23,1,3,"McGowan, Miss. Anna ""Annie""",female,15,0,0,330923,8.0292,,Q,PG
24,1,1,"Sloper, Mr. William Thompson",male,28,0,0,113788,35.5,A6,S,School
25,0,3,"Palsson, Miss. Torborg Danira",female,8,3,1,349909,21.075,,S,PG
26,1,3,"Asplund, Mrs. Carl Oscar (Selma Augusta Emilia Johansson)",female,38,1,5,347077,31.3875,,S,School
27,0,3,"Emir, Mr. Farred Chehab",male,,0,0,2631,7.225,,C,PG
28,0,1,"Fortune, Mr. Charles Alexander",male,19,3,2,19950,263,C23 C25 C27,S,PG
29,1,3,"O'Dwyer, Miss. Ellen ""Nellie""",female,,0,0,330959,7.8792,,Q,School
30,0,3,"Todoroff, Mr. Lalio",male,,0,0,349216,7.8958,,S,UG
31,0,1,"Uruchurtu, Don. Manuel E",male,40,0,0,PC 17601,27.7208,,C,UG
32,1,1,"Spencer, Mrs. William Augustus (Marie Eugenie)",female,,1,0,PC 17569,146.5208,B78,C,School
33,1,3,"Glynn, Miss. Mary Agatha",female,,0,0,335677,7.75,,Q,UG
34,0,2,"Wheadon, Mr. Edward H",male,66,0,0,C.A. 24579,10.5,,S,PG
35,0,1,"Meyer, Mr. Edgar Joseph",male,28,1,0,PC 17604,82.1708,,C,School
36,0,1,"Holverson, Mr. Alexander Oskar",male,42,1,0,113789,52,,S,School
37,1,3,"Mamee, Mr. Hanna",male,,0,0,2677,7.2292,,C,UG
38,0,3,"Cann, Mr. Ernest Charles",male,21,0,0,A./5. 2152,8.05,,S,PG
39,0,3,"Vander Planke, Miss. Augusta Maria",female,18,2,0,345764,18,,S,School
40,1,3,"Nicola-Yarred, Miss. Jamila",female,14,1,0,2651,11.2417,,C,PG
41,0,3,"Ahlin, Mrs. Johan (Johanna Persdotter Larsson)",female,40,1,0,7546,9.475,,S,School
42,0,2,"Turpin, Mrs. William John Robert (Dorothy Ann Wonnacott)",female,27,1,0,11668,21,,S,PG
43,0,3,"Kraeff, Mr. Theodor",male,,0,0,349253,7.8958,,C,PG
44,1,2,"Laroche, Miss. Simonne Marie Anne Andree",female,3,1,2,SC/Paris 2123,41.5792,,C,PG
45,1,3,"Devaney, Miss. Margaret Delia",female,19,0,0,330958,7.8792,,Q,UG
46,0,3,"Rogers, Mr. William John",male,,0,0,S.C./A.4. 23567,8.05,,S,PG
47,0,3,"Lennon, Mr. Denis",male,,1,0,370371,15.5,,Q,PG
48,1,3,"O'Driscoll, Miss. Bridget",female,,0,0,14311,7.75,,Q,PG
49,0,3,"Samaan, Mr. Youssef",male,,2,0,2662,21.6792,,C,UG
50,0,3,"Arnold-Franchi, Mrs. Josef (Josefine Franchi)",female,18,1,0,349237,17.8,,S,UG
51,0,3,"Panula, Master. Juha Niilo",male,7,4,1,3101295,39.6875,,S,School
52,0,3,"Nosworthy, Mr. Richard Cater",male,21,0,0,A/4. 39886,7.8,,S,UG
53,1,1,"Harper, Mrs. Henry Sleeper (Myna Haxtun)",female,49,1,0,PC 17572,76.7292,D33,C,PG
54,1,2,"Faunthorpe, Mrs. Lizzie (Elizabeth Anne Wilkinson)",female,29,1,0,2926,26,,S,PG
55,0,1,"Ostby, Mr. Engelhart Cornelius",male,65,0,1,113509,61.9792,B30,C,UG
56,1,1,"Woolner, Mr. Hugh",male,,0,0,19947,35.5,C52,S,School
57,1,2,"Rugg, Miss. Emily",female,21,0,0,C.A. 31026,10.5,,S,School
58,0,3,"Novel, Mr. Mansouer",male,28.5,0,0,2697,7.2292,,C,School
59,1,2,"West, Miss. Constance Mirium",female,5,1,2,C.A. 34651,27.75,,S,UG
60,0,3,"Goodwin, Master. William Frederick",male,11,5,2,CA 2144,46.9,,S,UG
61,0,3,"Sirayanian, Mr. Orsen",male,22,0,0,2669,7.2292,,C,UG
62,1,1,"Icard, Miss. Amelie",female,38,0,0,113572,80,B28,,UG
63,0,1,"Harris, Mr. Henry Birkhardt",male,45,1,0,36973,83.475,C83,S,School
64,0,3,"Skoog, Master. Harald",male,4,3,2,347088,27.9,,S,School
65,0,1,"Stewart, Mr. Albert A",male,,0,0,PC 17605,27.7208,,C,PG
66,1,3,"Moubarek, Master. Gerios",male,,1,1,2661,15.2458,,C,UG
67,1,2,"Nye, Mrs. (Elizabeth Ramell)",female,29,0,0,C.A. 29395,10.5,F33,S,UG
68,0,3,"Crease, Mr. Ernest James",male,19,0,0,S.P. 3464,8.1583,,S,UG
69,1,3,"Andersson, Miss. Erna Alexandra",female,17,4,2,3101281,7.925,,S,School
70,0,3,"Kink, Mr. Vincenz",male,26,2,0,315151,8.6625,,S,PG
71,0,2,"Jenkin, Mr. Stephen Curnow",male,32,0,0,C.A. 33111,10.5,,S,School
72,0,3,"Goodwin, Miss. Lillian Amy",female,16,5,2,CA 2144,46.9,,S,PG
73,0,2,"Hood, Mr. Ambrose Jr",male,21,0,0,S.O.C. 14879,73.5,,S,PG
74,0,3,"Chronopoulos, Mr. Apostolos",male,26,1,0,2680,14.4542,,C,School
75,1,3,"Bing, Mr. Lee",male,32,0,0,1601,56.4958,,S,PG
76,0,3,"Moen, Mr. Sigurd Hansen",male,25,0,0,348123,7.65,F G73,S,School
77,0,3,"Staneff, Mr. Ivan",male,,0,0,349208,7.8958,,S,PG
78,0,3,"Moutal, Mr. Rahamin Haim",male,,0,0,374746,8.05,,S,PG
79,1,2,"Caldwell, Master. Alden Gates",male,0.83,0,2,248738,29,,S,School
80,1,3,"Dowdell, Miss. Elizabeth",female,30,0,0,364516,12.475,,S,UG
81,0,3,"Waelens, Mr. Achille",male,22,0,0,345767,9,,S,UG
82,1,3,"Sheerlinck, Mr. Jan Baptist",male,29,0,0,345779,9.5,,S,School
83,1,3,"McDermott, Miss. Brigdet Delia",female,,0,0,330932,7.7875,,Q,UG
84,0,1,"Carrau, Mr. Francisco M",male,28,0,0,113059,47.1,,S,PG
85,1,2,"Ilett, Miss. Bertha",female,17,0,0,SO/C 14885,10.5,,S,School
86,1,3,"Backstrom, Mrs. Karl Alfred (Maria Mathilda Gustafsson)",female,33,3,0,3101278,15.85,,S,School
87,0,3,"Ford, Mr. William Neal",male,16,1,3,W./C. 6608,34.375,,S,UG
88,0,3,"Slocovski, Mr. Selman Francis",male,,0,0,SOTON/OQ 392086,8.05,,S,PG
89,1,1,"Fortune, Miss. Mabel Helen",female,23,3,2,19950,263,C23 C25 C27,S,School
90,0,3,"Celotti, Mr. Francesco",male,24,0,0,343275,8.05,,S,PG
91,0,3,"Christmann, Mr. Emil",male,29,0,0,343276,8.05,,S,School
92,0,3,"Andreasson, Mr. Paul Edvin",male,20,0,0,347466,7.8542,,S,PG
93,0,1,"Chaffee, Mr. Herbert Fuller",male,46,1,0,W.E.P. 5734,61.175,E31,S,PG
94,0,3,"Dean, Mr. Bertram Frank",male,26,1,2,C.A. 2315,20.575,,S,PG
95,0,3,"Coxon, Mr. Daniel",male,59,0,0,364500,7.25,,S,UG
96,0,3,"Shorney, Mr. Charles Joseph",male,,0,0,374910,8.05,,S,PG
97,0,1,"Goldschmidt, Mr. George B",male,71,0,0,PC 17754,34.6542,A5,C,PG
98,1,1,"Greenfield, Mr. William Bertram",male,23,0,1,PC 17759,63.3583,D10 D12,C,PG
99,1,2,"Doling, Mrs. John T (Ada Julia Bone)",female,34,0,1,231919,23,,S,UG
100,0,2,"Kantor, Mr. Sinai",male,34,1,0,244367,26,,S,UG
101,0,3,"Petranec, Miss. Matilda",female,28,0,0,349245,7.8958,,S,School
102,0,3,"Petroff, Mr. Pastcho (""Pentcho"")",male,,0,0,349215,7.8958,,S,UG
103,0,1,"White, Mr. Richard Frasar",male,21,0,1,35281,77.2875,D26,S,PG
104,0,3,"Johansson, Mr. Gustaf Joel",male,33,0,0,7540,8.6542,,S,PG
105,0,3,"Gustafsson, Mr. Anders Vilhelm",male,37,2,0,3101276,7.925,,S,UG
106,0,3,"Mionoff, Mr. Stoytcho",male,28,0,0,349207,7.8958,,S,School
107,1,3,"Salkjelsvik, Miss. Anna Kristine",female,21,0,0,343120,7.65,,S,School
108,1,3,"Moss, Mr. Albert Johan",male,,0,0,312991,7.775,,S,School
109,0,3,"Rekic, Mr. Tido",male,38,0,0,349249,7.8958,,S,UG
110,1,3,"Moran, Miss. Bertha",female,,1,0,371110,24.15,,Q,UG
111,0,1,"Porter, Mr. Walter Chamberlain",male,47,0,0,110465,52,C110,S,UG
112,0,3,"Zabour, Miss. Hileni",female,14.5,1,0,2665,14.4542,,C,UG
113,0,3,"Barton, Mr. David John",male,22,0,0,324669,8.05,,S,School
114,0,3,"Jussila, Miss. Katriina",female,20,1,0,4136,9.825,,S,School
115,0,3,"Attalah, Miss. Malake",female,17,0,0,2627,14.4583,,C,PG
116,0,3,"Pekoniemi, Mr. Edvard",male,21,0,0,STON/O 2. 3101294,7.925,,S,UG
117,0,3,"Connors, Mr. Patrick",male,70.5,0,0,370369,7.75,,Q,UG
118,0,2,"Turpin, Mr. William John Robert",male,29,1,0,11668,21,,S,UG
119,0,1,"Baxter, Mr. Quigg Edmond",male,24,0,1,PC 17558,247.5208,B58 B60,C,School
120,0,3,"Andersson, Miss. Ellis Anna Maria",female,2,4,2,347082,31.275,,S,PG
121,0,2,"Hickman, Mr. Stanley George",male,21,2,0,S.O.C. 14879,73.5,,S,School
122,0,3,"Moore, Mr. Leonard Charles",male,,0,0,A4. 54510,8.05,,S,PG
123,0,2,"Nasser, Mr. Nicholas",male,32.5,1,0,237736,30.0708,,C,PG
124,1,2,"Webber, Miss. Susan",female,32.5,0,0,27267,13,E101,S,School
125,0,1,"White, Mr. Percival Wayland",male,54,0,1,35281,77.2875,D26,S,PG
126,1,3,"Nicola-Yarred, Master. Elias",male,12,1,0,2651,11.2417,,C,School
127,0,3,"McMahon, Mr. Martin",male,,0,0,370372,7.75,,Q,PG
128,1,3,"Madsen, Mr. Fridtjof Arne",male,24,0,0,C 17369,7.1417,,S,PG
129,1,3,"Peter, Miss. Anna",female,,1,1,2668,22.3583,F E69,C,School
130,0,3,"Ekstrom, Mr. Johan",male,45,0,0,347061,6.975,,S,UG
131,0,3,"Drazenoic, Mr. Jozef",male,33,0,0,349241,7.8958,,C,UG
132,0,3,"Coelho, Mr. Domingos Fernandeo",male,20,0,0,SOTON/O.Q. 3101307,7.05,,S,School
133,0,3,"Robins, Mrs. Alexander A (Grace Charity Laury)",female,47,1,0,A/5. 3337,14.5,,S,UG
134,1,2,"Weisz, Mrs. Leopold (Mathilde Francoise Pede)",female,29,1,0,228414,26,,S,PG
135,0,2,"Sobey, Mr. Samuel James Hayden",male,25,0,0,C.A. 29178,13,,S,School
136,0,2,"Richard, Mr. Emile",male,23,0,0,SC/PARIS 2133,15.0458,,C,School
137,1,1,"Newsom, Miss. Helen Monypeny",female,19,0,2,11752,26.2833,D47,S,UG
138,0,1,"Futrelle, Mr. Jacques Heath",male,37,1,0,113803,53.1,C123,S,PG
139,0,3,"Osen, Mr. Olaf Elon",male,16,0,0,7534,9.2167,,S,School
140,0,1,"Giglio, Mr. Victor",male,24,0,0,PC 17593,79.2,B86,C,PG
141,0,3,"Boulos, Mrs. Joseph (Sultana)",female,,0,2,2678,15.2458,,C,School
142,1,3,"Nysten, Miss. Anna Sofia",female,22,0,0,347081,7.75,,S,PG
143,1,3,"Hakkarainen, Mrs. Pekka Pietari (Elin Matilda Dolck)",female,24,1,0,STON/O2. 3101279,15.85,,S,PG
144,0,3,"Burke, Mr. Jeremiah",male,19,0,0,365222,6.75,,Q,PG
145,0,2,"Andrew, Mr. Edgardo Samuel",male,18,0,0,231945,11.5,,S,UG
146,0,2,"Nicholls, Mr. Joseph Charles",male,19,1,1,C.A. 33112,36.75,,S,PG
147,1,3,"Andersson, Mr. August Edvard (""Wennerstrom"")",male,27,0,0,350043,7.7958,,S,PG
148,0,3,"Ford, Miss. Robina Maggie ""Ruby""",female,9,2,2,W./C. 6608,34.375,,S,PG
149,0,2,"Navratil, Mr. Michel (""Louis M Hoffman"")",male,36.5,0,2,230080,26,F2,S,UG
150,0,2,"Byles, Rev. Thomas Roussel Davids",male,42,0,0,244310,13,,S,UG
151,0,2,"Bateman, Rev. Robert James",male,51,0,0,S.O.P. 1166,12.525,,S,School
152,1,1,"Pears, Mrs. Thomas (Edith Wearne)",female,22,1,0,113776,66.6,C2,S,UG
153,0,3,"Meo, Mr. Alfonzo",male,55.5,0,0,A.5. 11206,8.05,,S,PG
154,0,3,"van Billiard, Mr. Austin Blyler",male,40.5,0,2,A/5. 851,14.5,,S,PG
155,0,3,"Olsen, Mr. Ole Martin",male,,0,0,Fa 265302,7.3125,,S,UG
156,0,1,"Williams, Mr. Charles Duane",male,51,0,1,PC 17597,61.3792,,C,School
157,1,3,"Gilnagh, Miss. Katherine ""Katie""",female,16,0,0,35851,7.7333,,Q,School
158,0,3,"Corn, Mr. Harry",male,30,0,0,SOTON/OQ 392090,8.05,,S,School
159,0,3,"Smiljanic, Mr. Mile",male,,0,0,315037,8.6625,,S,UG
160,0,3,"Sage, Master. Thomas Henry",male,,8,2,CA. 2343,69.55,,S,UG
161,0,3,"Cribb, Mr. John Hatfield",male,44,0,1,371362,16.1,,S,UG
162,1,2,"Watt, Mrs. James (Elizabeth ""Bessie"" Inglis Milne)",female,40,0,0,C.A. 33595,15.75,,S,UG
163,0,3,"Bengtsson, Mr. John Viktor",male,26,0,0,347068,7.775,,S,School
164,0,3,"Calic, Mr. Jovo",male,17,0,0,315093,8.6625,,S,School
165,0,3,"Panula, Master. Eino Viljami",male,1,4,1,3101295,39.6875,,S,PG
166,1,3,"Goldsmith, Master. Frank John William ""Frankie""",male,9,0,2,363291,20.525,,S,UG
167,1,1,"Chibnall, Mrs. (Edith Martha Bowerman)",female,,0,1,113505,55,E33,S,UG
168,0,3,"Skoog, Mrs. William (Anna Bernhardina Karlsson)",female,45,1,4,347088,27.9,,S,UG
169,0,1,"Baumann, Mr. John D",male,,0,0,PC 17318,25.925,,S,School
170,0,3,"Ling, Mr. Lee",male,28,0,0,1601,56.4958,,S,PG
171,0,1,"Van der hoef, Mr. Wyckoff",male,61,0,0,111240,33.5,B19,S,School
172,0,3,"Rice, Master. Arthur",male,4,4,1,382652,29.125,,Q,PG
173,1,3,"Johnson, Miss. Eleanor Ileen",female,1,1,1,347742,11.1333,,S,PG
174,0,3,"Sivola, Mr. Antti Wilhelm",male,21,0,0,STON/O 2. 3101280,7.925,,S,School
175,0,1,"Smith, Mr. James Clinch",male,56,0,0,17764,30.6958,A7,C,PG
176,0,3,"Klasen, Mr. Klas Albin",male,18,1,1,350404,7.8542,,S,School
177,0,3,"Lefebre, Master. Henry Forbes",male,,3,1,4133,25.4667,,S,PG
178,0,1,"Isham, Miss. Ann Elizabeth",female,50,0,0,PC 17595,28.7125,C49,C,PG
179,0,2,"Hale, Mr. Reginald",male,30,0,0,250653,13,,S,School
180,0,3,"Leonard, Mr. Lionel",male,36,0,0,LINE,0,,S,UG
181,0,3,"Sage, Miss. Constance Gladys",female,,8,2,CA. 2343,69.55,,S,UG
182,0,2,"Pernot, Mr. Rene",male,,0,0,SC/PARIS 2131,15.05,,C,School
183,0,3,"Asplund, Master. Clarence Gustaf Hugo",male,9,4,2,347077,31.3875,,S,UG
184,1,2,"Becker, Master. Richard F",male,1,2,1,230136,39,F4,S,PG
185,1,3,"Kink-Heilmann, Miss. Luise Gretchen",female,4,0,2,315153,22.025,,S,School
186,0,1,"Rood, Mr. Hugh Roscoe",male,,0,0,113767,50,A32,S,School
187,1,3,"O'Brien, Mrs. Thomas (Johanna ""Hannah"" Godfrey)",female,,1,0,370365,15.5,,Q,UG
188,1,1,"Romaine, Mr. Charles Hallace (""Mr C Rolmane"")",male,45,0,0,111428,26.55,,S,PG
189,0,3,"Bourke, Mr. John",male,40,1,1,364849,15.5,,Q,School
190,0,3,"Turcin, Mr. Stjepan",male,36,0,0,349247,7.8958,,S,PG
191,1,2,"Pinsky, Mrs. (Rosa)",female,32,0,0,234604,13,,S,School
192,0,2,"Carbines, Mr. William",male,19,0,0,28424,13,,S,PG
193,1,3,"Andersen-Jensen, Miss. Carla Christine Nielsine",female,19,1,0,350046,7.8542,,S,PG
194,1,2,"Navratil, Master. Michel M",male,3,1,1,230080,26,F2,S,PG
195,1,1,"Brown, Mrs. James Joseph (Margaret Tobin)",female,44,0,0,PC 17610,27.7208,B4,C,UG
196,1,1,"Lurette, Miss. Elise",female,58,0,0,PC 17569,146.5208,B80,C,PG
197,0,3,"Mernagh, Mr. Robert",male,,0,0,368703,7.75,,Q,PG
198,0,3,"Olsen, Mr. Karl Siegwart Andreas",male,42,0,1,4579,8.4042,,S,PG
199,1,3,"Madigan, Miss. Margaret ""Maggie""",female,,0,0,370370,7.75,,Q,UG
200,0,2,"Yrois, Miss. Henriette (""Mrs Harbeck"")",female,24,0,0,248747,13,,S,UG
201,0,3,"Vande Walle, Mr. Nestor Cyriel",male,28,0,0,345770,9.5,,S,School
202,0,3,"Sage, Mr. Frederick",male,,8,2,CA. 2343,69.55,,S,UG
203,0,3,"Johanson, Mr. Jakob Alfred",male,34,0,0,3101264,6.4958,,S,PG
204,0,3,"Youseff, Mr. Gerious",male,45.5,0,0,2628,7.225,,C,PG
205,1,3,"Cohen, Mr. Gurshon ""Gus""",male,18,0,0,A/5 3540,8.05,,S,UG
206,0,3,"Strom, Miss. Telma Matilda",female,2,0,1,347054,10.4625,G6,S,School
207,0,3,"Backstrom, Mr. Karl Alfred",male,32,1,0,3101278,15.85,,S,School
208,1,3,"Albimona, Mr. Nassef Cassem",male,26,0,0,2699,18.7875,,C,School
209,1,3,"Carr, Miss. Helen ""Ellen""",female,16,0,0,367231,7.75,,Q,UG
210,1,1,"Blank, Mr. Henry",male,40,0,0,112277,31,A31,C,UG
211,0,3,"Ali, Mr. Ahmed",male,24,0,0,SOTON/O.Q. 3101311,7.05,,S,UG
212,1,2,"Cameron, Miss. Clear Annie",female,35,0,0,F.C.C. 13528,21,,S,UG
213,0,3,"Perkin, Mr. John Henry",male,22,0,0,A/5 21174,7.25,,S,School
214,0,2,"Givard, Mr. Hans Kristensen",male,30,0,0,250646,13,,S,School
215,0,3,"Kiernan, Mr. Philip",male,,1,0,367229,7.75,,Q,PG
216,1,1,"Newell, Miss. Madeleine",female,31,1,0,35273,113.275,D36,C,UG
217,1,3,"Honkanen, Miss. Eliina",female,27,0,0,STON/O2. 3101283,7.925,,S,UG
218,0,2,"Jacobsohn, Mr. Sidney Samuel",male,42,1,0,243847,27,,S,UG
219,1,1,"Bazzani, Miss. Albina",female,32,0,0,11813,76.2917,D15,C,School
220,0,2,"Harris, Mr. Walter",male,30,0,0,W/C 14208,10.5,,S,PG
221,1,3,"Sunderland, Mr. Victor Francis",male,16,0,0,SOTON/OQ 392089,8.05,,S,School
222,0,2,"Bracken, Mr. James H",male,27,0,0,220367,13,,S,PG
223,0,3,"Green, Mr. George Henry",male,51,0,0,21440,8.05,,S,PG
224,0,3,"Nenkoff, Mr. Christo",male,,0,0,349234,7.8958,,S,School
225,1,1,"Hoyt, Mr. Frederick Maxfield",male,38,1,0,19943,90,C93,S,PG
226,0,3,"Berglund, Mr. Karl Ivar Sven",male,22,0,0,PP 4348,9.35,,S,School
227,1,2,"Mellors, Mr. William John",male,19,0,0,SW/PP 751,10.5,,S,PG
228,0,3,"Lovell, Mr. John Hall (""Henry"")",male,20.5,0,0,A/5 21173,7.25,,S,PG
229,0,2,"Fahlstrom, Mr. Arne Jonas",male,18,0,0,236171,13,,S,School
230,0,3,"Lefebre, Miss. Mathilde",female,,3,1,4133,25.4667,,S,UG
231,1,1,"Harris, Mrs. Henry Birkhardt (Irene Wallach)",female,35,1,0,36973,83.475,C83,S,UG
232,0,3,"Larsson, Mr. Bengt Edvin",male,29,0,0,347067,7.775,,S,School
233,0,2,"Sjostedt, Mr. Ernst Adolf",male,59,0,0,237442,13.5,,S,UG
234,1,3,"Asplund, Miss. Lillian Gertrud",female,5,4,2,347077,31.3875,,S,PG
235,0,2,"Leyson, Mr. Robert William Norman",male,24,0,0,C.A. 29566,10.5,,S,School
236,0,3,"Harknett, Miss. Alice Phoebe",female,,0,0,W./C. 6609,7.55,,S,School
237,0,2,"Hold, Mr. Stephen",male,44,1,0,26707,26,,S,UG
238,1,2,"Collyer, Miss. Marjorie ""Lottie""",female,8,0,2,C.A. 31921,26.25,,S,PG
239,0,2,"Pengelly, Mr. Frederick William",male,19,0,0,28665,10.5,,S,School
240,0,2,"Hunt, Mr. George Henry",male,33,0,0,SCO/W 1585,12.275,,S,PG
241,0,3,"Zabour, Miss. Thamine",female,,1,0,2665,14.4542,,C,School
242,1,3,"Murphy, Miss. Katherine ""Kate""",female,,1,0,367230,15.5,,Q,PG
243,0,2,"Coleridge, Mr. Reginald Charles",male,29,0,0,W./C. 14263,10.5,,S,PG
244,0,3,"Maenpaa, Mr. Matti Alexanteri",male,22,0,0,STON/O 2. 3101275,7.125,,S,PG
245,0,3,"Attalah, Mr. Sleiman",male,30,0,0,2694,7.225,,C,UG
246,0,1,"Minahan, Dr. William Edward",male,44,2,0,19928,90,C78,Q,PG
247,0,3,"Lindahl, Miss. Agda Thorilda Viktoria",female,25,0,0,347071,7.775,,S,PG
248,1,2,"Hamalainen, Mrs. William (Anna)",female,24,0,2,250649,14.5,,S,PG
249,1,1,"Beckwith, Mr. Richard Leonard",male,37,1,1,11751,52.5542,D35,S,UG
250,0,2,"Carter, Rev. Ernest Courtenay",male,54,1,0,244252,26,,S,UG
251,0,3,"Reed, Mr. James George",male,,0,0,362316,7.25,,S,School
252,0,3,"Strom, Mrs. Wilhelm (Elna Matilda Persson)",female,29,1,1,347054,10.4625,G6,S,UG
253,0,1,"Stead, Mr. William Thomas",male,62,0,0,113514,26.55,C87,S,PG
254,0,3,"Lobb, Mr. William Arthur",male,30,1,0,A/5. 3336,16.1,,S,PG
255,0,3,"Rosblom, Mrs. Viktor (Helena Wilhelmina)",female,41,0,2,370129,20.2125,,S,UG
256,1,3,"Touma, Mrs. Darwis (Hanne Youssef Razi)",female,29,0,2,2650,15.2458,,C,School
257,1,1,"Thorne, Mrs. Gertrude Maybelle",female,,0,0,PC 17585,79.2,,C,School
258,1,1,"Cherry, Miss. Gladys",female,30,0,0,110152,86.5,B77,S,School
259,1,1,"Ward, Miss. Anna",female,35,0,0,PC 17755,512.3292,,C,UG
260,1,2,"Parrish, Mrs. (Lutie Davis)",female,50,0,1,230433,26,,S,UG
261,0,3,"Smith, Mr. Thomas",male,,0,0,384461,7.75,,Q,UG
262,1,3,"Asplund, Master. Edvin Rojj Felix",male,3,4,2,347077,31.3875,,S,UG
263,0,1,"Taussig, Mr. Emil",male,52,1,1,110413,79.65,E67,S,School
264,0,1,"Harrison, Mr. William",male,40,0,0,112059,0,B94,S,School
265,0,3,"Henry, Miss. Delia",female,,0,0,382649,7.75,,Q,PG
266,0,2,"Reeves, Mr. David",male,36,0,0,C.A. 17248,10.5,,S,UG
267,0,3,"Panula, Mr. Ernesti Arvid",male,16,4,1,3101295,39.6875,,S,UG
268,1,3,"Persson, Mr. Ernst Ulrik",male,25,1,0,347083,7.775,,S,UG
269,1,1,"Graham, Mrs. William Thompson (Edith Junkins)",female,58,0,1,PC 17582,153.4625,C125,S,School
270,1,1,"Bissette, Miss. Amelia",female,35,0,0,PC 17760,135.6333,C99,S,PG
271,0,1,"Cairns, Mr. Alexander",male,,0,0,113798,31,,S,School
272,1,3,"Tornquist, Mr. William Henry",male,25,0,0,LINE,0,,S,PG
273,1,2,"Mellinger, Mrs. (Elizabeth Anne Maidment)",female,41,0,1,250644,19.5,,S,PG
274,0,1,"Natsch, Mr. Charles H",male,37,0,1,PC 17596,29.7,C118,C,School
275,1,3,"Healy, Miss. Hanora ""Nora""",female,,0,0,370375,7.75,,Q,PG
276,1,1,"Andrews, Miss. Kornelia Theodosia",female,63,1,0,13502,77.9583,D7,S,School
277,0,3,"Lindblom, Miss. Augusta Charlotta",female,45,0,0,347073,7.75,,S,PG
278,0,2,"Parkes, Mr. Francis ""Frank""",male,,0,0,239853,0,,S,PG
279,0,3,"Rice, Master. Eric",male,7,4,1,382652,29.125,,Q,School
280,1,3,"Abbott, Mrs. Stanton (Rosa Hunt)",female,35,1,1,C.A. 2673,20.25,,S,UG
281,0,3,"Duane, Mr. Frank",male,65,0,0,336439,7.75,,Q,UG
282,0,3,"Olsson, Mr. Nils Johan Goransson",male,28,0,0,347464,7.8542,,S,School
283,0,3,"de Pelsmaeker, Mr. Alfons",male,16,0,0,345778,9.5,,S,UG
284,1,3,"Dorking, Mr. Edward Arthur",male,19,0,0,A/5. 10482,8.05,,S,PG
285,0,1,"Smith, Mr. Richard William",male,,0,0,113056,26,A19,S,School
286,0,3,"Stankovic, Mr. Ivan",male,33,0,0,349239,8.6625,,C,School
287,1,3,"de Mulder, Mr. Theodore",male,30,0,0,345774,9.5,,S,UG
288,0,3,"Naidenoff, Mr. Penko",male,22,0,0,349206,7.8958,,S,PG
289,1,2,"Hosono, Mr. Masabumi",male,42,0,0,237798,13,,S,School
290,1,3,"Connolly, Miss. Kate",female,22,0,0,370373,7.75,,Q,PG
291,1,1,"Barber, Miss. Ellen ""Nellie""",female,26,0,0,19877,78.85,,S,School
292,1,1,"Bishop, Mrs. Dickinson H (Helen Walton)",female,19,1,0,11967,91.0792,B49,C,PG
293,0,2,"Levy, Mr. Rene Jacques",male,36,0,0,SC/Paris 2163,12.875,D,C,PG
294,0,3,"Haas, Miss. Aloisia",female,24,0,0,349236,8.85,,S,PG
295,0,3,"Mineff, Mr. Ivan",male,24,0,0,349233,7.8958,,S,UG
296,0,1,"Lewy, Mr. Ervin G",male,,0,0,PC 17612,27.7208,,C,PG
297,0,3,"Hanna, Mr. Mansour",male,23.5,0,0,2693,7.2292,,C,PG
298,0,1,"Allison, Miss. Helen Loraine",female,2,1,2,113781,151.55,C22 C26,S,PG
299,1,1,"Saalfeld, Mr. Adolphe",male,,0,0,19988,30.5,C106,S,UG
300,1,1,"Baxter, Mrs. James (Helene DeLaudeniere Chaput)",female,50,0,1,PC 17558,247.5208,B58 B60,C,UG
301,1,3,"Kelly, Miss. Anna Katherine ""Annie Kate""",female,,0,0,9234,7.75,,Q,School
302,1,3,"McCoy, Mr. Bernard",male,,2,0,367226,23.25,,Q,UG
303,0,3,"Johnson, Mr. William Cahoone Jr",male,19,0,0,LINE,0,,S,PG
304,1,2,"Keane, Miss. Nora A",female,,0,0,226593,12.35,E101,Q,PG
305,0,3,"Williams, Mr. Howard Hugh ""Harry""",male,,0,0,A/5 2466,8.05,,S,UG
306,1,1,"Allison, Master. Hudson Trevor",male,0.92,1,2,113781,151.55,C22 C26,S,School
307,1,1,"Fleming, Miss. Margaret",female,,0,0,17421,110.8833,,C,School
308,1,1,"Penasco y Castellana, Mrs. Victor de Satode (Maria Josefa Perez de Soto y Vallejo)",female,17,1,0,PC 17758,108.9,C65,C,School
309,0,2,"Abelson, Mr. Samuel",male,30,1,0,P/PP 3381,24,,C,UG
310,1,1,"Francatelli, Miss. Laura Mabel",female,30,0,0,PC 17485,56.9292,E36,C,UG
311,1,1,"Hays, Miss. Margaret Bechstein",female,24,0,0,11767,83.1583,C54,C,UG
312,1,1,"Ryerson, Miss. Emily Borie",female,18,2,2,PC 17608,262.375,B57 B59 B63 B66,C,UG
313,0,2,"Lahtinen, Mrs. William (Anna Sylfven)",female,26,1,1,250651,26,,S,School
314,0,3,"Hendekovic, Mr. Ignjac",male,28,0,0,349243,7.8958,,S,School
315,0,2,"Hart, Mr. Benjamin",male,43,1,1,F.C.C. 13529,26.25,,S,PG
316,1,3,"Nilsson, Miss. Helmina Josefina",female,26,0,0,347470,7.8542,,S,UG
317,1,2,"Kantor, Mrs. Sinai (Miriam Sternin)",female,24,1,0,244367,26,,S,UG
318,0,2,"Moraweck, Dr. Ernest",male,54,0,0,29011,14,,S,UG
319,1,1,"Wick, Miss. Mary Natalie",female,31,0,2,36928,164.8667,C7,S,School
320,1,1,"Spedden, Mrs. Frederic Oakley (Margaretta Corning Stone)",female,40,1,1,16966,134.5,E34,C,PG
321,0,3,"Dennis, Mr. Samuel",male,22,0,0,A/5 21172,7.25,,S,School
322,0,3,"Danoff, Mr. Yoto",male,27,0,0,349219,7.8958,,S,PG
323,1,2,"Slayter, Miss. Hilda Mary",female,30,0,0,234818,12.35,,Q,PG
324,1,2,"Caldwell, Mrs. Albert Francis (Sylvia Mae Harbaugh)",female,22,1,1,248738,29,,S,School
325,0,3,"Sage, Mr. George John Jr",male,,8,2,CA. 2343,69.55,,S,PG
326,1,1,"Young, Miss. Marie Grice",female,36,0,0,PC 17760,135.6333,C32,C,School
327,0,3,"Nysveen, Mr. Johan Hansen",male,61,0,0,345364,6.2375,,S,PG
328,1,2,"Ball, Mrs. (Ada E Hall)",female,36,0,0,28551,13,D,S,PG
329,1,3,"Goldsmith, Mrs. Frank John (Emily Alice Brown)",female,31,1,1,363291,20.525,,S,School
330,1,1,"Hippach, Miss. Jean Gertrude",female,16,0,1,111361,57.9792,B18,C,UG
331,1,3,"McCoy, Miss. Agnes",female,,2,0,367226,23.25,,Q,UG
332,0,1,"Partner, Mr. Austen",male,45.5,0,0,113043,28.5,C124,S,School
333,0,1,"Graham, Mr. George Edward",male,38,0,1,PC 17582,153.4625,C91,S,UG
334,0,3,"Vander Planke, Mr. Leo Edmondus",male,16,2,0,345764,18,,S,PG
335,1,1,"Frauenthal, Mrs. Henry William (Clara Heinsheimer)",female,,1,0,PC 17611,133.65,,S,School
336,0,3,"Denkoff, Mr. Mitto",male,,0,0,349225,7.8958,,S,School
337,0,1,"Pears, Mr. Thomas Clinton",male,29,1,0,113776,66.6,C2,S,UG
338,1,1,"Burns, Miss. Elizabeth Margaret",female,41,0,0,16966,134.5,E40,C,PG
339,1,3,"Dahl, Mr. Karl Edwart",male,45,0,0,7598,8.05,,S,School
340,0,1,"Blackwell, Mr. Stephen Weart",male,45,0,0,113784,35.5,T,S,PG
341,1,2,"Navratil, Master. Edmond Roger",male,2,1,1,230080,26,F2,S,School
342,1,1,"Fortune, Miss. Alice Elizabeth",female,24,3,2,19950,263,C23 C25 C27,S,PG
343,0,2,"Collander, Mr. Erik Gustaf",male,28,0,0,248740,13,,S,PG
344,0,2,"Sedgwick, Mr. Charles Frederick Waddington",male,25,0,0,244361,13,,S,PG
345,0,2,"Fox, Mr. Stanley Hubert",male,36,0,0,229236,13,,S,UG
346,1,2,"Brown, Miss. Amelia ""Mildred""",female,24,0,0,248733,13,F33,S,PG
347,1,2,"Smith, Miss. Marion Elsie",female,40,0,0,31418,13,,S,PG
348,1,3,"Davison, Mrs. Thomas Henry (Mary E Finck)",female,,1,0,386525,16.1,,S,PG
349,1,3,"Coutts, Master. William Loch ""William""",male,3,1,1,C.A. 37671,15.9,,S,UG
350,0,3,"Dimic, Mr. Jovan",male,42,0,0,315088,8.6625,,S,UG
351,0,3,"Odahl, Mr. Nils Martin",male,23,0,0,7267,9.225,,S,School
352,0,1,"Williams-Lambert, Mr. Fletcher Fellows",male,,0,0,113510,35,C128,S,UG
353,0,3,"Elias, Mr. Tannous",male,15,1,1,2695,7.2292,,C,PG
354,0,3,"Arnold-Franchi, Mr. Josef",male,25,1,0,349237,17.8,,S,PG
355,0,3,"Yousif, Mr. Wazli",male,,0,0,2647,7.225,,C,UG
356,0,3,"Vanden Steen, Mr. Leo Peter",male,28,0,0,345783,9.5,,S,School
357,1,1,"Bowerman, Miss. Elsie Edith",female,22,0,1,113505,55,E33,S,School
358,0,2,"Funk, Miss. Annie Clemmer",female,38,0,0,237671,13,,S,School
359,1,3,"McGovern, Miss. Mary",female,,0,0,330931,7.8792,,Q,UG
360,1,3,"Mockler, Miss. Helen Mary ""Ellie""",female,,0,0,330980,7.8792,,Q,UG
361,0,3,"Skoog, Mr. Wilhelm",male,40,1,4,347088,27.9,,S,UG
362,0,2,"del Carlo, Mr. Sebastiano",male,29,1,0,SC/PARIS 2167,27.7208,,C,UG
363,0,3,"Barbara, Mrs. (Catherine David)",female,45,0,1,2691,14.4542,,C,School
364,0,3,"Asim, Mr. Adola",male,35,0,0,SOTON/O.Q. 3101310,7.05,,S,School
365,0,3,"O'Brien, Mr. Thomas",male,,1,0,370365,15.5,,Q,PG
366,0,3,"Adahl, Mr. Mauritz Nils Martin",male,30,0,0,C 7076,7.25,,S,UG
367,1,1,"Warren, Mrs. Frank Manley (Anna Sophia Atkinson)",female,60,1,0,110813,75.25,D37,C,UG
368,1,3,"Moussa, Mrs. (Mantoura Boulos)",female,,0,0,2626,7.2292,,C,UG
369,1,3,"Jermyn, Miss. Annie",female,,0,0,14313,7.75,,Q,School
370,1,1,"Aubart, Mme. Leontine Pauline",female,24,0,0,PC 17477,69.3,B35,C,PG
371,1,1,"Harder, Mr. George Achilles",male,25,1,0,11765,55.4417,E50,C,School
372,0,3,"Wiklund, Mr. Jakob Alfred",male,18,1,0,3101267,6.4958,,S,PG
373,0,3,"Beavan, Mr. William Thomas",male,19,0,0,323951,8.05,,S,PG
374,0,1,"Ringhini, Mr. Sante",male,22,0,0,PC 17760,135.6333,,C,School
375,0,3,"Palsson, Miss. Stina Viola",female,3,3,1,349909,21.075,,S,PG
376,1,1,"Meyer, Mrs. Edgar Joseph (Leila Saks)",female,,1,0,PC 17604,82.1708,,C,School
377,1,3,"Landergren, Miss. Aurora Adelia",female,22,0,0,C 7077,7.25,,S,PG
378,0,1,"Widener, Mr. Harry Elkins",male,27,0,2,113503,211.5,C82,C,PG
379,0,3,"Betros, Mr. Tannous",male,20,0,0,2648,4.0125,,C,School
380,0,3,"Gustafsson, Mr. Karl Gideon",male,19,0,0,347069,7.775,,S,UG
381,1,1,"Bidois, Miss. Rosalie",female,42,0,0,PC 17757,227.525,,C,UG
382,1,3,"Nakid, Miss. Maria (""Mary"")",female,1,0,2,2653,15.7417,,C,School
383,0,3,"Tikkanen, Mr. Juho",male,32,0,0,STON/O 2. 3101293,7.925,,S,UG
384,1,1,"Holverson, Mrs. Alexander Oskar (Mary Aline Towner)",female,35,1,0,113789,52,,S,PG
385,0,3,"Plotcharsky, Mr. Vasil",male,,0,0,349227,7.8958,,S,School
386,0,2,"Davies, Mr. Charles Henry",male,18,0,0,S.O.C. 14879,73.5,,S,School
387,0,3,"Goodwin, Master. Sidney Leonard",male,1,5,2,CA 2144,46.9,,S,UG
388,1,2,"Buss, Miss. Kate",female,36,0,0,27849,13,,S,PG
389,0,3,"Sadlier, Mr. Matthew",male,,0,0,367655,7.7292,,Q,School
390,1,2,"Lehmann, Miss. Bertha",female,17,0,0,SC 1748,12,,C,PG
391,1,1,"Carter, Mr. William Ernest",male,36,1,2,113760,120,B96 B98,S,School
392,1,3,"Jansson, Mr. Carl Olof",male,21,0,0,350034,7.7958,,S,PG
393,0,3,"Gustafsson, Mr. Johan Birger",male,28,2,0,3101277,7.925,,S,PG
394,1,1,"Newell, Miss. Marjorie",female,23,1,0,35273,113.275,D36,C,PG
395,1,3,"Sandstrom, Mrs. Hjalmar (Agnes Charlotta Bengtsson)",female,24,0,2,PP 9549,16.7,G6,S,UG
396,0,3,"Johansson, Mr. Erik",male,22,0,0,350052,7.7958,,S,PG
397,0,3,"Olsson, Miss. Elina",female,31,0,0,350407,7.8542,,S,PG
398,0,2,"McKane, Mr. Peter David",male,46,0,0,28403,26,,S,PG
399,0,2,"Pain, Dr. Alfred",male,23,0,0,244278,10.5,,S,UG
400,1,2,"Trout, Mrs. William H (Jessie L)",female,28,0,0,240929,12.65,,S,UG
